game_id,timestamp,seed,winner,turns_played,human_life_end,ai_life_end,human_cards_drawn,ai_cards_drawn,human_resources_played,ai_resources_played,human_units_played,ai_units_played,human_attackers_declared,ai_attackers_declared,human_unblocked_attacks,ai_unblocked_attacks,normal_blocks,multi_blocks,unit_combats,dice_comparisons,human_units_destroyed,ai_units_destroyed,mutual_destructions,combats_without_destruction,human_player_damage_dealt,ai_player_damage_dealt,human_unit_damage_dealt,ai_unit_damage_dealt,avg_dice_comparisons_per_combat,start_player
game-20260731-003751-457091428892,2026-07-31T00:37:51,457091428892,Spieler,1,20,0,0,0,0,0,0,0,0,0,0,0,0,0,0,0,0,0,0,0,0,0,0,0,0.00,Spieler
game-20260731-003811-382035843224,2026-07-31T00:38:11,382035843224,Spieler,1,20,0,0,0,0,0,0,0,0,0,0,0,0,0,0,0,0,0,0,0,0,0,0,0,0.00,Spieler
game-20260731-003947-45715085331,2026-07-31T00:39:47,45715085331,Spieler,1,20,0,0,0,0,0,0,0,0,0,0,0,0,0,0,0,0,0,0,0,0,0,0,0,0.00,Gegner
game-20260801-104214-503599744515,2026-08-01T10:42:14,503599744515,Spieler,9,13,-2,4,4,5,4,4,4,9,3,8,3,0,0,0,0,0,0,0,0,22,7,0,0,0.00,Spieler
game-20260801-191023-297246230540,2026-08-01T19:10:23,297246230540,Spieler,16,12,-1,8,7,6,8,4,7,6,4,2,1,2,1,0.33,0.25,1,1,1,0,9,7,6,3,3,1,5,6,2,3,0,0,21,8,5,3,1.20,Gegner
game-20260803-011300-141151365321,2026-08-03T01:13:00,141151365321,Spieler,1,19,19,0,0,0,0,3,0,2,0,0,0,0,0,0.00,0.00,0,0,0,0,0,0,0,0,0,0,0,0,0,0,0,0,1,0,0,0,1,0,0,0,1,1.00,1,2,0,0,0,0,0,0,0.00,Spieler
game-20260803-011300-362444767022,2026-08-03T01:13:00,362444767022,Spieler,1,20,17,0,0,0,0,2,0,0,0,0,0,0,0,0.00,0.00,0,0,0,0,0,0,0,0,0,0,0,0,1,0,0,0,0,0,0,0,1,0,0,0,1,1.00,1,2,3,0,0,0,0,0,0.00,Spieler
game-20260803-011300-348159584558,2026-08-03T01:13:00,348159584558,Spieler,1,20,20,0,0,0,0,0,0,0,0,0,0,0,0,0.00,0.00,0,0,0,0,0,0,0,0,0,0,0,0,0,0,0,0,0,0,0,0,0,0,0,0,0,0.00,0,0,0,0,0,0,0,0,0.00,Gegner
game-20260803-011300-316736470489,2026-08-03T01:13:00,316736470489,Spieler,1,20,17,0,0,0,0,4,0,0,0,0,0,0,0,0.00,0.00,0,0,0,0,0,0,0,0,0,0,0,0,0,0,0,0,0,0,0,0,1,0,0,0,1,1.00,1,2,3,0,0,0,0,0,0.00,Spieler
game-20260803-011300-364176861346,2026-08-03T01:13:00,364176861346,Spieler,1,20,20,0,0,0,0,1,0,0,0,0,0,0,0,0.00,0.00,0,0,0,0,0,0,0,0,0,0,0,0,0,0,0,0,0,0,0,0,1,0,0,0,1,1.00,1,2,0,0,0,0,0,0,0.00,Spieler
game-20260803-011300-237476160345,2026-08-03T01:13:00,237476160345,Spieler,1,20,18,0,0,0,0,2,0,0,0,0,0,0,0,0.00,0.00,0,0,0,0,1,0,1,0,0,0,0,0,0,0,0,0,2,0,0,0,1,0,0,0,1,1.00,1,2,0,0,0,0,0,0,0.00,Spieler
game-20260803-011300-32376477845,2026-08-03T01:13:00,32376477845,Spieler,1,20,20,0,0,0,0,3,0,0,0,0,0,0,0,0.00,0.00,0,0,0,0,0,0,0,0,0,0,0,0,0,0,0,0,0,0,0,0,1,0,0,0,1,1.00,1,2,0,0,0,0,0,0,0.00,Spieler
game-20260803-011300-19817243777,2026-08-03T01:13:00,19817243777,Spieler,1,18,20,2,0,0,0,2,0,0,0,0,0,0,0,0.00,0.00,0,0,0,0,0,0,0,0,0,0,0,0,0,0,0,0,0,0,0,0,1,0,0,0,1,1.00,1,2,0,0,2,0,2,0,0.00,Spieler
game-20260803-011300-638119870102,2026-08-03T01:13:00,638119870102,Spieler,1,20,20,2,0,0,0,2,0,0,0,0,0,0,0,0.00,0.00,0,0,0,0,0,0,0,0,0,0,0,0,0,0,0,0,0,0,0,0,1,0,0,0,1,1.00,1,2,0,0,0,0,0,0,0.00,Spieler
game-20260803-011300-136172058223,2026-08-03T01:13:00,136172058223,Spieler,1,20,20,1,0,0,0,2,0,0,0,0,0,0,0,0.00,0.00,0,0,0,0,0,0,0,0,0,0,0,0,0,0,0,0,0,0,0,0,1,0,0,0,1,1.00,1,2,0,0,0,0,0,0,0.00,Gegner
game-20260803-011300-290941936719,2026-08-03T01:13:00,290941936719,Spieler,1,20,20,0,0,0,0,2,0,1,0,1,0,1,0,1.00,0.00,1,0,0,0,0,0,0,0,0,0,0,0,0,0,0,0,0,0,0,0,0,0,0,0,0,0.00,0,0,0,0,0,0,0,0,0.00,Spieler
game-20260803-011300-197120341678,2026-08-03T01:13:00,197120341678,Spieler,1,20,17,0,0,0,0,2,0,0,0,0,0,0,0,0.00,0.00,0,0,0,0,0,0,0,0,0,0,0,0,1,0,0,0,0,0,0,0,1,0,0,0,1,1.00,1,2,3,0,0,0,0,0,0.00,Spieler
game-20260803-011300-255085797397,2026-08-03T01:13:00,255085797397,Spieler,1,20,20,0,0,0,0,0,0,0,0,0,0,0,0,0.00,0.00,0,0,0,0,0,0,0,0,0,0,0,0,0,0,0,0,0,0,0,0,0,0,0,0,0,0.00,0,0,0,0,0,0,0,0,0.00,Spieler
game-20260803-011300-996966973391,2026-08-03T01:13:00,996966973391,Spieler,1,20,18,0,0,0,0,2,0,0,0,0,0,0,0,0.00,0.00,0,0,0,0,1,0,1,0,0,0,0,0,0,0,0,0,2,0,0,0,1,0,0,0,1,1.00,1,2,0,0,0,0,0,0,0.00,Spieler
game-20260803-011300-3746295515,2026-08-03T01:13:00,3746295515,Spieler,1,20,20,0,0,0,0,3,0,0,0,0,0,0,0,0.00,0.00,0,0,0,0,0,0,0,0,0,0,0,0,0,0,0,0,0,0,0,0,1,0,0,0,1,1.00,1,2,0,0,0,0,0,0,0.00,Spieler
game-20260803-011300-379497718825,2026-08-03T01:13:00,379497718825,Spieler,1,18,20,2,0,0,0,2,0,0,0,0,0,0,0,0.00,0.00,0,0,0,0,0,0,0,0,0,0,0,0,0,0,0,0,0,0,0,0,1,0,0,0,1,1.00,1,2,0,0,2,0,2,0,0.00,Spieler
game-20260803-011300-13831211345,2026-08-03T01:13:00,13831211345,Spieler,1,20,20,1,0,0,0,2,0,0,0,0,0,0,0,0.00,0.00,0,0,0,0,0,0,0,0,0,0,0,0,0,0,0,0,0,0,0,0,1,0,0,0,1,1.00,1,2,0,0,0,0,0,0,0.00,Gegner
game-20260803-011345-695673022970,2026-08-03T01:13:45,695673022970,Spieler,1,20,20,0,0,0,0,0,0,0,0,0,0,0,0,0.00,0.00,0,0,0,0,0,0,0,0,0,0,0,0,0,0,0,0,0,0,0,0,0,0,0,0,0,0.00,0,0,0,0,0,0,0,0,0.00,Gegner
game-20260803-011345-792006386647,2026-08-03T01:13:45,792006386647,Spieler,1,20,20,0,0,0,0,2,0,0,0,0,0,0,0,0.00,0.00,0,0,0,0,0,0,0,0,0,0,0,0,0,0,0,0,0,0,0,0,1,0,0,0,1,1.00,1,2,2,0,0,0,0,0,0.00,Spieler
game-20260803-011345-831516580899,2026-08-03T01:13:45,831516580899,Spieler,1,20,18,0,0,0,0,2,0,0,0,0,0,0,0,0.00,0.00,0,0,0,0,1,0,1,0,0,0,0,0,0,0,0,0,2,0,0,0,1,0,0,0,1,1.00,1,2,0,0,0,0,0,0,0.00,Spieler
game-20260803-011345-66530722402,2026-08-03T01:13:45,66530722402,Spieler,1,20,20,0,0,0,0,3,0,0,0,0,0,0,0,0.00,0.00,0,0,0,0,0,0,0,0,0,0,0,0,0,0,0,0,0,0,0,0,1,0,0,0,1,1.00,1,2,0,0,0,0,0,0,0.00,Spieler
game-20260803-011345-549311269864,2026-08-03T01:13:45,549311269864,Spieler,1,20,20,0,0,0,0,3,0,0,0,0,0,0,0,0.00,0.00,0,0,0,0,0,0,0,0,0,0,0,0,0,0,0,0,0,0,0,0,1,0,0,0,1,1.00,1,2,0,0,0,0,0,0,0.00,Spieler
game-20260803-011345-867658139641,2026-08-03T01:13:45,867658139641,Spieler,1,20,20,0,0,0,0,3,0,0,0,0,0,0,0,0.00,0.00,0,0,0,0,0,0,0,0,0,0,0,0,0,0,0,0,0,0,0,0,1,0,0,0,1,1.00,1,2,0,0,0,0,0,0,0.00,Spieler
game-20260803-011345-461611628520,2026-08-03T01:13:45,461611628520,Spieler,1,18,20,2,0,0,0,2,0,0,0,0,0,0,0,0.00,0.00,0,0,0,0,0,0,0,0,0,0,0,0,0,0,0,0,0,0,0,0,1,0,0,0,1,1.00,1,2,0,0,2,0,2,0,0.00,Spieler
game-20260803-011345-738531237322,2026-08-03T01:13:45,738531237322,Spieler,1,20,20,2,0,0,0,2,0,0,0,0,0,0,0,0.00,0.00,0,0,0,0,0,0,0,0,0,0,0,0,0,0,0,0,0,0,0,0,1,0,0,0,1,1.00,1,2,0,0,0,0,0,0,0.00,Spieler
game-20260803-011345-359030728752,2026-08-03T01:13:45,359030728752,Spieler,1,20,20,1,0,0,0,2,0,0,0,0,0,0,0,0.00,0.00,0,0,0,0,0,0,0,0,0,0,0,0,0,0,0,0,0,0,0,0,1,0,0,0,1,1.00,1,2,0,0,0,0,0,0,0.00,Spieler
game-20260803-011345-388399263794,2026-08-03T01:13:45,388399263794,Spieler,1,18,20,0,0,0,0,1,0,1,0,0,0,0,0,0.00,0.00,0,0,0,0,0,0,0,0,0,0,0,0,0,0,0,0,0,0,0,0,0,0,0,0,0,0.00,0,0,0,0,0,0,0,0,0.00,Spieler
game-20260803-011345-537508520975,2026-08-03T01:13:45,537508520975,Spieler,1,19,19,0,0,0,0,3,0,2,0,0,0,0,0,0.00,0.00,0,0,0,0,0,0,0,0,0,0,0,0,0,0,0,0,1,0,0,0,1,0,0,0,1,1.00,1,2,0,0,0,0,0,0,0.00,Spieler
game-20260803-011345-555954985542,2026-08-03T01:13:45,555954985542,Spieler,1,20,17,0,0,0,0,2,0,0,0,0,0,0,0,0.00,0.00,0,0,0,0,0,0,0,0,0,0,0,0,1,0,0,0,0,0,0,0,1,0,0,0,1,1.00,1,2,3,0,0,0,0,0,0.00,Spieler
game-20260803-011345-495611931153,2026-08-03T01:13:45,495611931153,Spieler,1,20,20,0,0,0,0,0,0,0,0,0,0,0,0,0.00,0.00,0,0,0,0,0,0,0,0,0,0,0,0,0,0,0,0,0,0,0,0,0,0,0,0,0,0.00,0,0,0,0,0,0,0,0,0.00,Spieler
game-20260803-011345-653925755664,2026-08-03T01:13:45,653925755664,Spieler,1,20,17,0,0,0,0,4,0,0,0,0,0,0,0,0.00,0.00,0,0,0,0,0,0,0,0,0,0,0,0,0,0,0,0,0,0,0,0,1,0,0,0,1,1.00,1,2,3,0,0,0,0,0,0.00,Spieler
game-20260803-011345-674443585790,2026-08-03T01:13:45,674443585790,Spieler,1,20,20,0,0,0,0,1,0,0,0,0,0,0,0,0.00,0.00,0,0,0,0,0,0,0,0,0,0,0,0,0,0,0,0,0,0,0,0,1,0,0,0,1,1.00,1,2,0,0,0,0,0,0,0.00,Spieler
game-20260803-011345-423549279381,2026-08-03T01:13:45,423549279381,Spieler,1,20,20,0,0,0,0,3,0,0,0,0,0,0,0,0.00,0.00,0,0,0,0,0,0,0,0,0,0,0,0,0,0,0,0,0,0,0,0,1,0,0,0,1,1.00,1,2,0,0,0,0,0,0,0.00,Spieler
game-20260803-011345-859730623993,2026-08-03T01:13:45,859730623993,Spieler,1,20,20,0,0,0,0,3,0,0,0,0,0,0,0,0.00,0.00,0,0,0,0,0,0,0,0,0,0,0,0,0,0,0,0,0,0,0,0,1,0,0,0,1,1.00,1,2,0,0,0,0,0,0,0.00,Spieler
game-20260803-011345-805336883049,2026-08-03T01:13:45,805336883049,Spieler,1,20,20,0,0,0,0,3,0,0,0,0,0,0,0,0.00,0.00,0,0,0,0,0,0,0,0,0,0,0,0,0,0,0,0,0,0,0,0,1,0,0,0,1,1.00,1,2,0,0,0,0,0,0,0.00,Spieler
game-20260803-011345-449537718211,2026-08-03T01:13:45,449537718211,Spieler,1,20,20,2,0,0,0,2,0,0,0,0,0,0,0,0.00,0.00,0,0,0,0,0,0,0,0,0,0,0,0,0,0,0,0,0,0,0,0,1,0,0,0,1,1.00,1,2,0,0,0,0,0,0,0.00,Spieler
game-20260803-011345-287509811219,2026-08-03T01:13:45,287509811219,Spieler,1,20,20,1,0,0,0,2,0,0,0,0,0,0,0,0.00,0.00,0,0,0,0,0,0,0,0,0,0,0,0,0,0,0,0,0,0,0,0,1,0,0,0,1,1.00,1,2,0,0,0,0,0,0,0.00,Gegner
game-20260803-011740-50444750370,2026-08-03T01:17:40,50444750370,Spieler,1,20,19,0,0,0,0,3,0,1,0,0,0,0,0,0.00,0.00,0,0,0,0,0,0,0,0,0,0,0,0,0,0,0,0,1,0,0,0,0,0,0,0,0,0.00,0,0,0,0,0,0,0,0,0.00,Spieler
game-20260803-011740-624832265538,2026-08-03T01:17:40,624832265538,Spieler,1,20,20,0,0,0,0,0,0,0,0,0,0,0,0,0.00,0.00,0,0,0,0,0,0,0,0,0,0,0,0,0,0,0,0,0,0,0,0,0,0,0,0,0,0.00,0,0,0,0,0,0,0,0,0.00,Spieler
game-20260803-011740-781096450498,2026-08-03T01:17:40,781096450498,Spieler,1,19,19,0,0,0,0,3,0,2,0,0,0,0,0,0.00,0.00,0,0,0,0,0,0,0,0,0,0,0,0,0,0,0,0,1,0,0,0,1,0,0,0,1,1.00,1,2,0,0,0,0,0,0,0.00,Spieler
game-20260803-011740-171532546499,2026-08-03T01:17:40,171532546499,Spieler,1,20,20,0,0,0,0,0,0,0,0,0,0,0,0,0.00,0.00,0,0,0,0,0,0,0,0,0,0,0,0,0,0,0,0,0,0,0,0,0,0,0,0,0,0.00,0,0,0,0,0,0,0,0,0.00,Gegner
game-20260803-011740-291414757855,2026-08-03T01:17:40,291414757855,Spieler,1,20,17,0,0,0,0,4,0,0,0,0,0,0,0,0.00,0.00,0,0,0,0,0,0,0,0,0,0,0,0,0,0,0,0,0,0,0,0,1,0,0,0,1,1.00,1,2,3,0,0,0,0,0,0.00,Spieler
game-20260803-011740-566514532171,2026-08-03T01:17:40,566514532171,Spieler,1,20,20,0,0,0,0,2,0,0,0,0,0,0,0,0.00,0.00,0,0,0,0,0,0,0,0,0,0,0,0,0,0,0,0,0,0,0,0,1,0,0,0,1,1.00,1,2,2,0,0,0,0,0,0.00,Spieler
game-20260803-011740-533791162833,2026-08-03T01:17:40,533791162833,Spieler,1,20,18,0,0,0,0,2,0,0,0,0,0,0,0,0.00,0.00,0,0,0,0,1,0,1,0,0,0,0,0,0,0,0,0,2,0,0,0,1,0,0,0,1,1.00,1,2,0,0,0,0,0,0,0.00,Spieler
game-20260803-011740-472821144671,2026-08-03T01:17:40,472821144671,Spieler,1,18,20,2,0,0,0,2,0,0,0,0,0,0,0,0.00,0.00,0,0,0,0,0,0,0,0,0,0,0,0,0,0,0,0,0,0,0,0,1,0,0,0,1,1.00,1,2,0,0,2,0,2,0,0.00,Spieler
game-20260803-011740-623196579852,2026-08-03T01:17:40,623196579852,Spieler,1,20,20,2,0,0,0,2,0,0,0,0,0,0,0,0.00,0.00,0,0,0,0,0,0,0,0,0,0,0,0,0,0,0,0,0,0,0,0,1,0,0,0,1,1.00,1,2,0,0,0,0,0,0,0.00,Spieler
game-20260803-011740-204009807744,2026-08-03T01:17:40,204009807744,Spieler,1,20,20,1,0,0,0,2,0,0,0,0,0,0,0,0.00,0.00,0,0,0,0,0,0,0,0,0,0,0,0,0,0,0,0,0,0,0,0,1,0,0,0,1,1.00,1,2,0,0,0,0,0,0,0.00,Spieler
game-20260803-013746-339267812955,2026-08-03T01:37:46,339267812955,Spieler,1,20,19,0,0,0,0,3,0,1,0,0,0,0,0,0.00,0.00,0,0,0,0,0,0,0,0,0,0,0,0,0,0,0,0,1,0,0,0,0,0,0,0,0,0.00,0,0,0,0,0,0,0,0,0.00,Spieler
game-20260803-013746-141619744422,2026-08-03T01:37:46,141619744422,Spieler,1,17,17,0,0,0,0,4,0,1,0,0,0,0,0,0.00,0.00,0,0,0,0,0,0,0,0,0,0,0,0,0,0,0,0,3,0,0,0,0,0,0,0,0,0.00,0,0,0,0,0,0,0,0,0.00,Spieler
game-20260803-013746-894680660949,2026-08-03T01:37:46,894680660949,Spieler,1,18,20,0,0,0,0,1,0,1,0,0,0,0,0,0.00,0.00,0,0,0,0,0,0,0,0,0,0,0,0,0,0,0,0,0,0,0,0,0,0,0,0,0,0.00,0,0,0,0,0,0,0,0,0.00,Spieler
game-20260803-013746-198313964308,2026-08-03T01:37:46,198313964308,Spieler,1,20,20,0,0,0,0,0,0,0,0,0,0,0,0,0.00,0.00,0,0,0,0,0,0,0,0,0,0,0,0,0,0,0,0,0,0,0,0,0,0,0,0,0,0.00,0,0,0,0,0,0,0,0,0.00,Spieler
game-20260803-013746-584846541500,2026-08-03T01:37:46,584846541500,Spieler,1,19,19,0,0,0,0,3,0,2,0,0,0,0,0,0.00,0.00,0,0,0,0,0,0,0,0,0,0,0,0,0,0,0,0,1,0,0,0,1,0,0,0,1,1.00,1,2,0,0,0,0,0,0,0.00,Spieler
game-20260803-013746-889371556325,2026-08-03T01:37:46,889371556325,Spieler,1,20,17,0,0,0,0,2,0,0,0,0,0,0,0,0.00,0.00,0,0,0,0,0,0,0,0,0,0,0,0,1,0,0,0,0,0,0,0,1,0,0,0,1,1.00,1,2,3,0,0,0,0,0,0.00,Spieler
game-20260803-013746-464775731067,2026-08-03T01:37:46,464775731067,Spieler,1,20,20,0,0,0,0,0,0,0,0,0,0,0,0,0.00,0.00,0,0,0,0,0,0,0,0,0,0,0,0,0,0,0,0,0,0,0,0,0,0,0,0,0,0.00,0,0,0,0,0,0,0,0,0.00,Spieler
game-20260803-013746-603102131681,2026-08-03T01:37:46,603102131681,Spieler,1,20,17,0,0,0,0,4,0,0,0,0,0,0,0,0.00,0.00,0,0,0,0,0,0,0,0,0,0,0,0,0,0,0,0,0,0,0,0,1,0,0,0,1,1.00,1,2,3,0,0,0,0,0,0.00,Spieler
game-20260803-013746-229689116728,2026-08-03T01:37:46,229689116728,Spieler,1,20,20,0,0,0,0,2,0,0,0,0,0,0,0,0.00,0.00,0,0,0,0,0,0,0,0,0,0,0,0,0,0,0,0,0,0,0,0,1,0,0,0,1,1.00,1,2,2,0,0,0,0,0,0.00,Spieler
game-20260803-013746-237896861144,2026-08-03T01:37:46,237896861144,Spieler,1,20,20,0,0,0,0,1,0,0,0,0,0,0,0,0.00,0.00,0,0,0,0,0,0,0,0,0,0,0,0,0,0,0,0,0,0,0,0,1,0,0,0,1,1.00,1,2,0,0,0,0,0,0,0.00,Spieler
game-20260803-013746-415049617598,2026-08-03T01:37:46,415049617598,Spieler,1,18,20,2,0,0,0,2,0,0,0,0,0,0,0,0.00,0.00,0,0,0,0,0,0,0,0,0,0,0,0,0,0,0,0,0,0,0,0,1,0,0,0,1,1.00,1,2,0,0,2,0,2,0,0.00,Spieler
game-20260803-013746-68444314381,2026-08-03T01:37:46,68444314381,Spieler,1,20,20,2,0,0,0,2,0,0,0,0,0,0,0,0.00,0.00,0,0,0,0,0,0,0,0,0,0,0,0,0,0,0,0,0,0,0,0,1,0,0,0,1,1.00,1,2,0,0,0,0,0,0,0.00,Spieler
game-20260803-013746-363684311495,2026-08-03T01:37:46,363684311495,Spieler,1,20,20,1,0,0,0,2,0,0,0,0,0,0,0,0.00,0.00,0,0,0,0,0,0,0,0,0,0,0,0,0,0,0,0,0,0,0,0,1,0,0,0,1,1.00,1,2,0,0,0,0,0,0,0.00,Spieler
game-20260803-014235-694909421693,2026-08-03T01:42:35,694909421693,Spieler,1,20,19,0,0,0,0,3,0,1,0,0,0,0,0,0.00,0.00,0,0,0,0,0,0,0,0,0,0,0,0,0,0,0,0,1,0,0,0,0,0,0,0,0,0.00,0,0,0,0,0,0,0,0,0.00,Spieler
game-20260803-014235-450560972291,2026-08-03T01:42:35,450560972291,Spieler,1,17,17,0,0,0,0,4,0,1,0,0,0,0,0,0.00,0.00,0,0,0,0,0,0,0,0,0,0,0,0,0,0,0,0,3,0,0,0,0,0,0,0,0,0.00,0,0,0,0,0,0,0,0,0.00,Spieler
game-20260803-014235-951586751619,2026-08-03T01:42:35,951586751619,Spieler,1,18,20,0,0,0,0,1,0,1,0,0,0,0,0,0.00,0.00,0,0,0,0,0,0,0,0,0,0,0,0,0,0,0,0,0,0,0,0,0,0,0,0,0,0.00,0,0,0,0,0,0,0,0,0.00,Spieler
game-20260803-014235-550343174886,2026-08-03T01:42:35,550343174886,Spieler,1,20,20,0,0,0,0,0,0,0,0,0,0,0,0,0.00,0.00,0,0,0,0,0,0,0,0,0,0,0,0,0,0,0,0,0,0,0,0,0,0,0,0,0,0.00,0,0,0,0,0,0,0,0,0.00,Spieler
game-20260803-014235-604895040334,2026-08-03T01:42:35,604895040334,Spieler,1,20,17,0,0,0,0,2,0,0,0,0,0,0,0,0.00,0.00,0,0,0,0,0,0,0,0,0,0,0,0,1,0,0,0,0,0,0,0,1,0,0,0,1,1.00,1,2,3,0,0,0,0,0,0.00,Spieler
game-20260803-014235-845273265334,2026-08-03T01:42:35,845273265334,Spieler,1,20,20,0,0,0,0,0,0,0,0,0,0,0,0,0.00,0.00,0,0,0,0,0,0,0,0,0,0,0,0,0,0,0,0,0,0,0,0,0,0,0,0,0,0.00,0,0,0,0,0,0,0,0,0.00,Gegner
game-20260803-014235-683260691679,2026-08-03T01:42:35,683260691679,Spieler,1,20,18,0,0,0,0,2,0,0,0,0,0,0,0,0.00,0.00,0,0,0,0,1,0,1,0,0,0,0,0,0,0,0,0,2,0,0,0,1,0,0,0,1,1.00,1,2,0,0,0,0,0,0,0.00,Spieler
game-20260803-014235-154577468137,2026-08-03T01:42:35,154577468137,Spieler,1,20,20,2,0,0,0,2,0,0,0,0,0,0,0,0.00,0.00,0,0,0,0,0,0,0,0,0,0,0,0,0,0,0,0,0,0,0,0,1,0,0,0,1,1.00,1,2,0,0,0,0,0,0,0.00,Spieler
game-20260803-014235-972681074496,2026-08-03T01:42:35,972681074496,Spieler,1,20,20,1,0,0,0,2,0,0,0,0,0,0,0,0.00,0.00,0,0,0,0,0,0,0,0,0,0,0,0,0,0,0,0,0,0,0,0,1,0,0,0,1,1.00,1,2,0,0,0,0,0,0,0.00,Gegner
game-20260803-020512-921139676025,2026-08-03T02:05:12,921139676025,Spieler,1,19,19,0,0,0,0,3,0,2,0,0,0,0,0,0.00,0.00,0,0,0,0,0,0,0,0,0,0,0,0,0,0,0,0,1,0,0,0,1,0,0,0,1,1.00,1,2,0,0,0,0,0,0,0.00,Spieler
game-20260803-020512-563848376419,2026-08-03T02:05:12,563848376419,Spieler,1,20,20,0,0,0,0,0,0,0,0,0,0,0,0,0.00,0.00,0,0,0,0,0,0,0,0,0,0,0,0,0,0,0,0,0,0,0,0,0,0,0,0,0,0.00,0,0,0,0,0,0,0,0,0.00,Spieler
game-20260803-020512-924498692867,2026-08-03T02:05:12,924498692867,Spieler,1,20,17,0,0,0,0,4,0,0,0,0,0,0,0,0.00,0.00,0,0,0,0,0,0,0,0,0,0,0,0,0,0,0,0,0,0,0,0,1,0,0,0,1,1.00,1,2,3,0,0,0,0,0,0.00,Spieler
game-20260803-020512-29212013424,2026-08-03T02:05:12,29212013424,Spieler,1,20,20,0,0,0,0,1,0,0,0,0,0,0,0,0.00,0.00,0,0,0,0,0,0,0,0,0,0,0,0,0,0,0,0,0,0,0,0,1,0,0,0,1,1.00,1,2,0,0,0,0,0,0,0.00,Spieler
game-20260803-020512-912615206734,2026-08-03T02:05:12,912615206734,Spieler,1,20,18,0,0,0,0,2,0,0,0,0,0,0,0,0.00,0.00,0,0,0,0,1,0,1,0,0,0,0,0,0,0,0,0,2,0,0,0,1,0,0,0,1,1.00,1,2,0,0,0,0,0,0,0.00,Spieler
game-20260803-020512-347574903058,2026-08-03T02:05:12,347574903058,Spieler,1,20,20,0,0,0,0,3,0,0,0,0,0,0,0,0.00,0.00,0,0,0,0,0,0,0,0,0,0,0,0,0,0,0,0,0,0,0,0,1,0,0,0,1,1.00,1,2,0,0,0,0,0,0,0.00,Spieler
game-20260803-020512-62284453246,2026-08-03T02:05:12,62284453246,Spieler,1,20,20,0,0,0,0,3,0,0,0,0,0,0,0,0.00,0.00,0,0,0,0,0,0,0,0,0,0,0,0,0,0,0,0,0,0,0,0,1,0,0,0,1,1.00,1,2,0,0,0,0,0,0,0.00,Spieler
game-20260803-020512-784194397119,2026-08-03T02:05:12,784194397119,Spieler,1,20,20,0,0,0,0,3,0,0,0,0,0,0,0,0.00,0.00,0,0,0,0,0,0,0,0,0,0,0,0,0,0,0,0,0,0,0,0,1,0,0,0,1,1.00,1,2,0,0,0,0,0,0,0.00,Spieler
game-20260803-020512-531462467835,2026-08-03T02:05:12,531462467835,Spieler,1,20,20,1,0,0,0,2,0,0,0,0,0,0,0,0.00,0.00,0,0,0,0,0,0,0,0,0,0,0,0,0,0,0,0,0,0,0,0,1,0,0,0,1,1.00,1,2,0,0,0,0,0,0,0.00,Spieler
game-20260803-020542-792998924252,2026-08-03T02:05:42,792998924252,Spieler,1,20,20,0,0,0,0,0,0,0,0,0,0,0,0,0.00,0.00,0,0,0,0,0,0,0,0,0,0,0,0,0,0,0,0,0,0,0,0,0,0,0,0,0,0.00,0,0,0,0,0,0,0,0,0.00,Gegner
game-20260803-020542-239406974387,2026-08-03T02:05:42,239406974387,Spieler,1,20,17,0,0,0,0,4,0,0,0,0,0,0,0,0.00,0.00,0,0,0,0,0,0,0,0,0,0,0,0,0,0,0,0,0,0,0,0,1,0,0,0,1,1.00,1,2,3,0,0,0,0,0,0.00,Spieler
game-20260803-020542-264662649364,2026-08-03T02:05:42,264662649364,Spieler,1,20,20,0,0,0,0,2,0,0,0,0,0,0,0,0.00,0.00,0,0,0,0,0,0,0,0,0,0,0,0,0,0,0,0,0,0,0,0,1,0,0,0,1,1.00,1,2,2,0,0,0,0,0,0.00,Spieler
game-20260803-020542-135225011097,2026-08-03T02:05:42,135225011097,Spieler,1,20,20,0,0,0,0,1,0,0,0,0,0,0,0,0.00,0.00,0,0,0,0,0,0,0,0,0,0,0,0,0,0,0,0,0,0,0,0,1,0,0,0,1,1.00,1,2,0,0,0,0,0,0,0.00,Spieler
game-20260803-020542-98048796664,2026-08-03T02:05:42,98048796664,Spieler,1,20,18,0,0,0,0,2,0,0,0,0,0,0,0,0.00,0.00,0,0,0,0,1,0,1,0,0,0,0,0,0,0,0,0,2,0,0,0,1,0,0,0,1,1.00,1,2,0,0,0,0,0,0,0.00,Spieler
game-20260803-020542-88274471964,2026-08-03T02:05:42,88274471964,Spieler,1,20,20,0,0,0,0,3,0,0,0,0,0,0,0,0.00,0.00,0,0,0,0,0,0,0,0,0,0,0,0,0,0,0,0,0,0,0,0,1,0,0,0,1,1.00,1,2,0,0,0,0,0,0,0.00,Spieler
game-20260803-020542-194802294474,2026-08-03T02:05:42,194802294474,Spieler,1,20,20,0,0,0,0,3,0,0,0,0,0,0,0,0.00,0.00,0,0,0,0,0,0,0,0,0,0,0,0,0,0,0,0,0,0,0,0,1,0,0,0,1,1.00,1,2,0,0,0,0,0,0,0.00,Spieler
game-20260803-020542-939214285499,2026-08-03T02:05:42,939214285499,Spieler,1,20,20,1,0,0,0,2,0,0,0,0,0,0,0,0.00,0.00,0,0,0,0,0,0,0,0,0,0,0,0,0,0,0,0,0,0,0,0,1,0,0,0,1,1.00,1,2,0,0,0,0,0,0,0.00,Spieler
game-20260803-020723-487950492018,2026-08-03T02:07:23,487950492018,Spieler,1,20,20,0,0,0,0,2,0,0,0,0,0,0,0,0.00,0.00,0,0,0,0,0,0,0,0,0,0,0,0,0,0,0,0,0,0,0,0,0,0,1,0,1,1.00,1,2,0,0,0,0,0,0,0.00,Spieler
game-20260803-020723-759729663745,2026-08-03T02:07:23,759729663745,Spieler,1,20,20,0,0,0,0,0,0,0,0,0,0,0,0,0.00,0.00,0,0,0,0,0,0,0,0,0,0,0,0,0,0,0,0,0,0,0,0,0,0,0,0,0,0.00,0,0,0,0,0,0,0,0,0.00,Spieler
game-20260803-020723-431618471842,2026-08-03T02:07:23,431618471842,Spieler,1,20,17,0,0,0,0,4,0,0,0,0,0,0,0,0.00,0.00,0,0,0,0,0,0,0,0,0,0,0,0,0,0,0,0,0,0,0,0,1,0,0,0,1,1.00,1,2,3,0,0,0,0,0,0.00,Spieler
game-20260803-020723-538518104354,2026-08-03T02:07:23,538518104354,Spieler,1,20,20,6,0,0,0,0,0,0,0,2,0,0,0,0.00,0.00,0,0,2,0,0,0,0,0,0,0,0,0,0,0,0,0,0,0,0,0,0,0,1,0,1,1.00,1,2,0,0,0,0,0,0,0.00,Spieler
game-20260803-020723-762931071061,2026-08-03T02:07:23,762931071061,Spieler,1,20,20,4,0,0,0,0,0,0,0,2,0,0,0,0.00,0.00,0,0,2,0,0,0,0,0,0,0,0,0,0,0,0,0,0,0,0,0,0,0,1,0,1,1.00,1,2,0,0,0,0,0,0,0.00,Spieler
game-20260803-020723-310936847575,2026-08-03T02:07:23,310936847575,Spieler,2,20,18,0,0,0,0,2,0,0,0,0,0,0,0,0.00,0.00,0,0,0,0,1,0,1,0,0,0,0,0,0,0,0,0,2,0,0,0,1,0,0,0,1,1.00,1,2,0,0,0,0,0,0,0.00,Gegner
game-20260803-020723-290688462113,2026-08-03T02:07:23,290688462113,Spieler,1,20,20,0,0,0,0,3,0,0,0,0,0,0,0,0.00,0.00,0,0,0,0,0,0,0,0,0,0,0,0,0,0,0,0,0,0,0,0,1,0,0,0,1,1.00,1,2,0,0,0,0,0,0,0.00,Spieler
game-20260803-020723-467477254571,2026-08-03T02:07:23,467477254571,Spieler,1,20,20,0,0,0,0,3,0,0,0,0,0,0,0,0.00,0.00,0,0,0,0,0,0,0,0,0,0,0,0,0,0,0,0,0,0,0,0,1,0,0,0,1,1.00,1,2,0,0,0,0,0,0,0.00,Spieler
game-20260803-020723-236498442649,2026-08-03T02:07:23,236498442649,Spieler,1,20,20,0,0,0,0,3,0,0,0,0,0,0,0,0.00,0.00,0,0,0,0,0,0,0,0,0,0,0,0,0,0,0,0,0,0,0,0,1,0,0,0,1,1.00,1,2,0,0,0,0,0,0,0.00,Spieler
game-20260803-020723-669212915311,2026-08-03T02:07:23,669212915311,Spieler,1,20,12,0,0,0,0,4,0,0,0,0,0,0,0,0.00,0.00,0,0,0,0,1,0,1,0,0,0,0,0,0,0,0,0,8,0,0,0,0,0,2,0,1,2.00,2,4,0,0,0,0,0,0,0.00,Spieler
game-20260803-020723-872459479045,2026-08-03T02:07:23,872459479045,Spieler,1,20,20,2,0,0,0,2,0,0,0,0,0,0,0,0.00,0.00,0,0,0,0,0,0,0,0,0,0,0,0,0,0,0,0,0,0,0,0,1,0,0,0,1,1.00,1,2,0,0,0,0,0,0,0.00,Spieler
game-20260803-020723-477454801228,2026-08-03T02:07:23,477454801228,Spieler,1,20,20,1,0,0,0,2,0,0,0,0,0,0,0,0.00,0.00,0,0,0,0,0,0,0,0,0,0,0,0,0,0,0,0,0,0,0,0,1,0,0,0,1,1.00,1,2,0,0,0,0,0,0,0.00,Gegner
game-20260803-020723-360653761508,2026-08-03T02:07:23,360653761508,Spieler,1,20,19,0,0,0,0,3,0,1,0,0,0,0,0,0.00,0.00,0,0,0,0,0,0,0,0,0,0,0,0,0,0,0,0,1,0,0,0,0,0,0,0,0,0.00,0,0,0,0,0,0,0,0,0.00,Spieler
game-20260803-020723-331011621948,2026-08-03T02:07:23,331011621948,Spieler,1,20,20,0,0,0,0,0,0,0,0,0,0,0,0,0.00,0.00,0,0,0,0,0,0,0,0,0,0,0,0,0,0,0,0,0,0,0,0,0,0,0,0,0,0.00,0,0,0,0,0,0,0,0,0.00,Gegner
game-20260803-020723-914541037625,2026-08-03T02:07:23,914541037625,Spieler,1,20,17,0,0,0,0,4,0,0,0,0,0,0,0,0.00,0.00,0,0,0,0,0,0,0,0,0,0,0,0,0,0,0,0,0,0,0,0,1,0,0,0,1,1.00,1,2,3,0,0,0,0,0,0.00,Spieler
game-20260803-020723-306622424168,2026-08-03T02:07:23,306622424168,Spieler,1,20,20,6,0,0,0,0,0,0,0,2,0,0,0,0.00,0.00,0,0,2,0,0,0,0,0,0,0,0,0,0,0,0,0,0,0,0,0,0,0,1,0,1,1.00,1,2,0,0,0,0,0,0,0.00,Spieler
game-20260803-020723-134111931224,2026-08-03T02:07:23,134111931224,Spieler,1,20,20,0,0,0,0,1,0,0,0,0,0,0,0,0.00,0.00,0,0,0,0,0,0,0,0,0,0,0,0,0,0,0,0,0,0,0,0,1,0,0,0,1,1.00,1,2,0,0,0,0,0,0,0.00,Spieler
game-20260803-020723-710116546157,2026-08-03T02:07:23,710116546157,Spieler,2,20,18,0,0,0,0,2,0,0,0,0,0,0,0,0.00,0.00,0,0,0,0,1,0,1,0,0,0,0,0,0,0,0,0,2,0,0,0,1,0,0,0,1,1.00,1,2,0,0,0,0,0,0,0.00,Gegner
game-20260803-020723-806203255533,2026-08-03T02:07:23,806203255533,Spieler,1,20,20,0,0,0,0,3,0,0,0,0,0,0,0,0.00,0.00,0,0,0,0,0,0,0,0,0,0,0,0,0,0,0,0,0,0,0,0,1,0,0,0,1,1.00,1,2,0,0,0,0,0,0,0.00,Spieler
game-20260803-020723-328135238975,2026-08-03T02:07:23,328135238975,Spieler,1,20,16,0,0,0,0,2,0,0,0,0,0,0,0,0.00,0.00,0,0,0,0,1,0,1,0,0,0,0,0,0,0,0,0,4,0,0,0,0,0,1,0,1,1.00,1,3,0,0,0,0,0,0,0.00,Spieler
game-20260803-020723-910320319249,2026-08-03T02:07:23,910320319249,Spieler,1,20,20,2,0,0,0,2,0,0,0,0,0,0,0,0.00,0.00,0,0,0,0,0,0,0,0,0,0,0,0,0,0,0,0,0,0,0,0,1,0,0,0,1,1.00,1,2,0,0,0,0,0,0,0.00,Spieler
game-20260803-020723-343878729670,2026-08-03T02:07:23,343878729670,Spieler,1,20,20,1,0,0,0,2,0,0,0,0,0,0,0,0.00,0.00,0,0,0,0,0,0,0,0,0,0,0,0,0,0,0,0,0,0,0,0,1,0,0,0,1,1.00,1,2,0,0,0,0,0,0,0.00,Gegner
game-20260803-020816-459488762950,2026-08-03T02:08:16,459488762950,Spieler,1,20,20,0,0,0,0,2,0,0,0,0,0,0,0,0.00,0.00,0,0,0,0,0,0,0,0,0,0,0,0,0,0,0,0,0,0,0,0,0,0,1,0,1,1.00,1,2,0,0,0,0,0,0,0.00,Spieler
game-20260803-020816-355265058820,2026-08-03T02:08:16,355265058820,Spieler,1,19,19,0,0,0,0,3,0,2,0,0,0,0,0,0.00,0.00,0,0,0,0,0,0,0,0,0,0,0,0,0,0,0,0,1,0,0,0,1,0,0,0,1,1.00,1,2,0,0,0,0,0,0,0.00,Spieler
game-20260803-020816-507882478599,2026-08-03T02:08:16,507882478599,Spieler,1,20,20,0,0,0,0,0,0,0,0,0,0,0,0,0.00,0.00,0,0,0,0,0,0,0,0,0,0,0,0,0,0,0,0,0,0,0,0,0,0,0,0,0,0.00,0,0,0,0,0,0,0,0,0.00,Spieler
game-20260803-020816-868942290127,2026-08-03T02:08:16,868942290127,Spieler,1,20,20,4,0,0,0,0,0,0,0,2,0,0,0,0.00,0.00,0,0,2,0,0,0,0,0,0,0,0,0,0,0,0,0,0,0,0,0,0,0,1,0,1,1.00,1,2,0,0,0,0,0,0,0.00,Spieler
game-20260803-020816-416183252871,2026-08-03T02:08:16,416183252871,Spieler,1,20,20,0,0,0,0,1,0,0,0,0,0,0,0,0.00,0.00,0,0,0,0,0,0,0,0,0,0,0,0,0,0,0,0,0,0,0,0,1,0,0,0,1,1.00,1,2,0,0,0,0,0,0,0.00,Spieler
game-20260803-020816-491888523663,2026-08-03T02:08:16,491888523663,Spieler,2,20,18,0,0,0,0,2,0,0,0,0,0,0,0,0.00,0.00,0,0,0,0,1,0,1,0,0,0,0,0,0,0,0,0,2,0,0,0,1,0,0,0,1,1.00,1,2,0,0,0,0,0,0,0.00,Gegner
game-20260803-020816-102452613637,2026-08-03T02:08:16,102452613637,Spieler,1,20,12,0,0,0,0,4,0,0,0,0,0,0,0,0.00,0.00,0,0,0,0,1,0,1,0,0,0,0,0,0,0,0,0,8,0,0,0,0,0,2,0,1,2.00,2,4,0,0,0,0,0,0,0.00,Spieler
game-20260803-020816-231338014454,2026-08-03T02:08:16,231338014454,Spieler,1,20,16,0,0,0,0,2,0,0,0,0,0,0,0,0.00,0.00,0,0,0,0,1,0,1,0,0,0,0,0,0,0,0,0,4,0,0,0,0,0,1,0,1,1.00,1,3,0,0,0,0,0,0,0.00,Spieler
game-20260803-020816-272665536221,2026-08-03T02:08:16,272665536221,Spieler,1,18,20,2,0,0,0,2,0,0,0,0,0,0,0,0.00,0.00,0,0,0,0,0,0,0,0,0,0,0,0,0,0,0,0,0,0,0,0,1,0,0,0,1,1.00,1,2,0,0,2,0,2,0,0.00,Spieler
game-20260803-020816-466908393106,2026-08-03T02:08:16,466908393106,Spieler,1,20,20,2,0,0,0,2,0,0,0,0,0,0,0,0.00,0.00,0,0,0,0,0,0,0,0,0,0,0,0,0,0,0,0,0,0,0,0,1,0,0,0,1,1.00,1,2,0,0,0,0,0,0,0.00,Spieler
game-20260803-020816-445872742692,2026-08-03T02:08:16,445872742692,Spieler,1,20,20,1,0,0,0,2,0,0,0,0,0,0,0,0.00,0.00,0,0,0,0,0,0,0,0,0,0,0,0,0,0,0,0,0,0,0,0,1,0,0,0,1,1.00,1,2,0,0,0,0,0,0,0.00,Gegner
game-20260803-020816-487919843467,2026-08-03T02:08:16,487919843467,Spieler,1,20,19,0,0,0,0,3,0,1,0,0,0,0,0,0.00,0.00,0,0,0,0,0,0,0,0,0,0,0,0,0,0,0,0,1,0,0,0,0,0,0,0,0,0.00,0,0,0,0,0,0,0,0,0.00,Spieler
game-20260803-020816-362513467357,2026-08-03T02:08:16,362513467357,Spieler,1,17,17,0,0,0,0,4,0,1,0,0,0,0,0,0.00,0.00,0,0,0,0,0,0,0,0,0,0,0,0,0,0,0,0,3,0,0,0,0,0,0,0,0,0.00,0,0,0,0,0,0,0,0,0.00,Spieler
game-20260803-020816-949997147087,2026-08-03T02:08:16,949997147087,Spieler,1,18,20,0,0,0,0,1,0,1,0,0,0,0,0,0.00,0.00,0,0,0,0,0,0,0,0,0,0,0,0,0,0,0,0,0,0,0,0,0,0,0,0,0,0.00,0,0,0,0,0,0,0,0,0.00,Spieler
game-20260803-020816-157380824235,2026-08-03T02:08:16,157380824235,Spieler,1,20,20,0,0,0,0,0,0,0,0,0,0,0,0,0.00,0.00,0,0,0,0,0,0,0,0,0,0,0,0,0,0,0,0,0,0,0,0,0,0,0,0,0,0.00,0,0,0,0,0,0,0,0,0.00,Spieler
game-20260803-020816-226931181723,2026-08-03T02:08:16,226931181723,Spieler,1,20,17,0,0,0,0,2,0,0,0,0,0,0,0,0.00,0.00,0,0,0,0,0,0,0,0,0,0,0,0,1,0,0,0,0,0,0,0,1,0,0,0,1,1.00,1,2,3,0,0,0,0,0,0.00,Spieler
game-20260803-020816-186953458120,2026-08-03T02:08:16,186953458120,Spieler,1,20,20,0,0,0,0,0,0,0,0,0,0,0,0,0.00,0.00,0,0,0,0,0,0,0,0,0,0,0,0,0,0,0,0,0,0,0,0,0,0,0,0,0,0.00,0,0,0,0,0,0,0,0,0.00,Spieler
game-20260803-020816-624590995904,2026-08-03T02:08:16,624590995904,Spieler,1,20,20,0,0,0,0,1,0,0,0,0,0,0,0,0.00,0.00,0,0,0,0,0,0,0,0,0,0,0,0,0,0,0,0,0,0,0,0,1,0,0,0,1,1.00,1,2,0,0,0,0,0,0,0.00,Spieler
game-20260803-020816-11599640359,2026-08-03T02:08:16,11599640359,Spieler,2,20,18,0,0,0,0,2,0,0,0,0,0,0,0,0.00,0.00,0,0,0,0,1,0,1,0,0,0,0,0,0,0,0,0,2,0,0,0,1,0,0,0,1,1.00,1,2,0,0,0,0,0,0,0.00,Gegner
game-20260803-020816-872917822397,2026-08-03T02:08:16,872917822397,Spieler,1,20,12,0,0,0,0,4,0,0,0,0,0,0,0,0.00,0.00,0,0,0,0,1,0,1,0,0,0,0,0,0,0,0,0,8,0,0,0,0,0,2,0,1,2.00,2,4,0,0,0,0,0,0,0.00,Spieler
game-20260803-020816-91640895457,2026-08-03T02:08:16,91640895457,Spieler,1,18,20,2,0,0,0,2,0,0,0,0,0,0,0,0.00,0.00,0,0,0,0,0,0,0,0,0,0,0,0,0,0,0,0,0,0,0,0,1,0,0,0,1,1.00,1,2,0,0,2,0,2,0,0.00,Spieler
game-20260803-020816-433060630321,2026-08-03T02:08:16,433060630321,Spieler,1,20,20,2,0,0,0,2,0,0,0,0,0,0,0,0.00,0.00,0,0,0,0,0,0,0,0,0,0,0,0,0,0,0,0,0,0,0,0,1,0,0,0,1,1.00,1,2,0,0,0,0,0,0,0.00,Spieler
game-20260803-020816-554089081572,2026-08-03T02:08:16,554089081572,Spieler,1,20,20,1,0,0,0,2,0,0,0,0,0,0,0,0.00,0.00,0,0,0,0,0,0,0,0,0,0,0,0,0,0,0,0,0,0,0,0,1,0,0,0,1,1.00,1,2,0,0,0,0,0,0,0.00,Spieler
game-20260803-020905-18553716217,2026-08-03T02:09:05,18553716217,Spieler,1,19,19,0,0,0,0,3,0,2,0,0,0,0,0,0.00,0.00,0,0,0,0,0,0,0,0,0,0,0,0,0,0,0,0,1,0,0,0,1,0,0,0,1,1.00,1,2,0,0,0,0,0,0,0.00,Spieler
game-20260803-020905-735855769344,2026-08-03T02:09:05,735855769344,Spieler,1,20,20,0,0,0,0,0,0,0,0,0,0,0,0,0.00,0.00,0,0,0,0,0,0,0,0,0,0,0,0,0,0,0,0,0,0,0,0,0,0,0,0,0,0.00,0,0,0,0,0,0,0,0,0.00,Gegner
game-20260803-020905-313358590725,2026-08-03T02:09:05,313358590725,Spieler,1,20,17,0,0,0,0,4,0,0,0,0,0,0,0,0.00,0.00,0,0,0,0,0,0,0,0,0,0,0,0,0,0,0,0,0,0,0,0,1,0,0,0,1,1.00,1,2,3,0,0,0,0,0,0.00,Spieler
game-20260803-020905-334277211794,2026-08-03T02:09:05,334277211794,Spieler,1,20,20,0,0,0,0,2,0,0,0,0,0,0,0,0.00,0.00,0,0,0,0,0,0,0,0,0,0,0,0,0,0,0,0,0,0,0,0,1,0,0,0,1,1.00,1,2,2,0,0,0,0,0,0.00,Spieler
game-20260803-020905-800630380809,2026-08-03T02:09:05,800630380809,Spieler,1,20,20,4,0,0,0,0,0,0,0,2,0,0,0,0.00,0.00,0,0,2,0,0,0,0,0,0,0,0,0,0,0,0,0,0,0,0,0,0,0,1,0,1,1.00,1,2,0,0,0,0,0,0,0.00,Spieler
game-20260803-020905-269640532283,2026-08-03T02:09:05,269640532283,Spieler,2,20,18,0,0,0,0,2,0,0,0,0,0,0,0,0.00,0.00,0,0,0,0,1,0,1,0,0,0,0,0,0,0,0,0,2,0,0,0,1,0,0,0,1,1.00,1,2,0,0,0,0,0,0,0.00,Gegner
game-20260803-020905-170323523809,2026-08-03T02:09:05,170323523809,Spieler,1,20,20,0,0,0,0,3,0,0,0,0,0,0,0,0.00,0.00,0,0,0,0,0,0,0,0,0,0,0,0,0,0,0,0,0,0,0,0,1,0,0,0,1,1.00,1,2,0,0,0,0,0,0,0.00,Spieler
game-20260803-020905-33695056109,2026-08-03T02:09:05,33695056109,Spieler,1,20,20,0,0,0,0,3,0,0,0,0,0,0,0,0.00,0.00,0,0,0,0,0,0,0,0,0,0,0,0,0,0,0,0,0,0,0,0,1,0,0,0,1,1.00,1,2,0,0,0,0,0,0,0.00,Spieler
game-20260803-020905-137697196159,2026-08-03T02:09:05,137697196159,Spieler,1,20,12,0,0,0,0,4,0,0,0,0,0,0,0,0.00,0.00,0,0,0,0,1,0,1,0,0,0,0,0,0,0,0,0,8,0,0,0,0,0,2,0,1,2.00,2,4,0,0,0,0,0,0,0.00,Spieler
game-20260803-020905-728317375092,2026-08-03T02:09:05,728317375092,Spieler,1,20,16,0,0,0,0,2,0,0,0,0,0,0,0,0.00,0.00,0,0,0,0,1,0,1,0,0,0,0,0,0,0,0,0,4,0,0,0,0,0,1,0,1,1.00,1,3,0,0,0,0,0,0,0.00,Spieler
game-20260803-020905-253391122471,2026-08-03T02:09:05,253391122471,Spieler,1,20,20,1,0,0,0,2,0,0,0,0,0,0,0,0.00,0.00,0,0,0,0,0,0,0,0,0,0,0,0,0,0,0,0,0,0,0,0,1,0,0,0,1,1.00,1,2,0,0,0,0,0,0,0.00,Spieler
game-20260803-020905-550926500846,2026-08-03T02:09:05,550926500846,Spieler,1,20,19,0,0,0,0,3,0,1,0,0,0,0,0,0.00,0.00,0,0,0,0,0,0,0,0,0,0,0,0,0,0,0,0,1,0,0,0,0,0,0,0,0,0.00,0,0,0,0,0,0,0,0,0.00,Spieler
game-20260803-020905-794235582232,2026-08-03T02:09:05,794235582232,Spieler,1,18,20,0,0,0,0,1,0,1,0,0,0,0,0,0.00,0.00,0,0,0,0,0,0,0,0,0,0,0,0,0,0,0,0,0,0,0,0,0,0,0,0,0,0.00,0,0,0,0,0,0,0,0,0.00,Spieler
game-20260803-020905-287731790601,2026-08-03T02:09:05,287731790601,Spieler,1,20,20,0,0,0,0,0,0,0,0,0,0,0,0,0.00,0.00,0,0,0,0,0,0,0,0,0,0,0,0,0,0,0,0,0,0,0,0,0,0,0,0,0,0.00,0,0,0,0,0,0,0,0,0.00,Spieler
game-20260803-020905-396276916893,2026-08-03T02:09:05,396276916893,Spieler,1,20,20,0,0,0,0,0,0,0,0,0,0,0,0,0.00,0.00,0,0,0,0,0,0,0,0,0,0,0,0,0,0,0,0,0,0,0,0,0,0,0,0,0,0.00,0,0,0,0,0,0,0,0,0.00,Gegner
game-20260803-020905-241586025298,2026-08-03T02:09:05,241586025298,Spieler,1,20,20,0,0,0,0,2,0,0,0,0,0,0,0,0.00,0.00,0,0,0,0,0,0,0,0,0,0,0,0,0,0,0,0,0,0,0,0,1,0,0,0,1,1.00,1,2,2,0,0,0,0,0,0.00,Spieler
game-20260803-020905-935546537472,2026-08-03T02:09:05,935546537472,Spieler,1,20,20,4,0,0,0,0,0,0,0,2,0,0,0,0.00,0.00,0,0,2,0,0,0,0,0,0,0,0,0,0,0,0,0,0,0,0,0,0,0,1,0,1,1.00,1,2,0,0,0,0,0,0,0.00,Gegner
game-20260803-020905-329698042966,2026-08-03T02:09:05,329698042966,Spieler,1,20,20,4,0,0,0,0,0,0,0,2,0,0,0,0.00,0.00,0,0,2,0,0,0,0,0,0,0,0,0,0,0,0,0,0,0,0,0,0,0,1,0,1,1.00,1,2,0,0,0,0,0,0,0.00,Spieler
game-20260803-020905-618692872760,2026-08-03T02:09:05,618692872760,Spieler,1,20,20,0,0,0,0,1,0,0,0,0,0,0,0,0.00,0.00,0,0,0,0,0,0,0,0,0,0,0,0,0,0,0,0,0,0,0,0,1,0,0,0,1,1.00,1,2,0,0,0,0,0,0,0.00,Spieler
game-20260803-020905-459328694091,2026-08-03T02:09:05,459328694091,Spieler,1,20,18,0,0,0,0,2,0,0,0,0,0,0,0,0.00,0.00,0,0,0,0,1,0,1,0,0,0,0,0,0,0,0,0,2,0,0,0,1,0,0,0,1,1.00,1,2,0,0,0,0,0,0,0.00,Spieler
game-20260803-020905-274610587309,2026-08-03T02:09:05,274610587309,Spieler,1,20,20,0,0,0,0,3,0,0,0,0,0,0,0,0.00,0.00,0,0,0,0,0,0,0,0,0,0,0,0,0,0,0,0,0,0,0,0,1,0,0,0,1,1.00,1,2,0,0,0,0,0,0,0.00,Spieler
game-20260803-020905-682738576125,2026-08-03T02:09:05,682738576125,Spieler,1,20,20,0,0,0,0,3,0,0,0,0,0,0,0,0.00,0.00,0,0,0,0,0,0,0,0,0,0,0,0,0,0,0,0,0,0,0,0,1,0,0,0,1,1.00,1,2,0,0,0,0,0,0,0.00,Spieler
game-20260803-020905-517595972824,2026-08-03T02:09:05,517595972824,Spieler,1,20,12,0,0,0,0,4,0,0,0,0,0,0,0,0.00,0.00,0,0,0,0,1,0,1,0,0,0,0,0,0,0,0,0,8,0,0,0,0,0,2,0,1,2.00,2,4,0,0,0,0,0,0,0.00,Spieler
game-20260803-020905-916355387666,2026-08-03T02:09:05,916355387666,Spieler,1,20,16,0,0,0,0,2,0,0,0,0,0,0,0,0.00,0.00,0,0,0,0,1,0,1,0,0,0,0,0,0,0,0,0,4,0,0,0,0,0,1,0,1,1.00,1,3,0,0,0,0,0,0,0.00,Spieler
game-20260803-020905-593204520881,2026-08-03T02:09:05,593204520881,Spieler,1,20,20,2,0,0,0,2,0,0,0,0,0,0,0,0.00,0.00,0,0,0,0,0,0,0,0,0,0,0,0,0,0,0,0,0,0,0,0,1,0,0,0,1,1.00,1,2,0,0,0,0,0,0,0.00,Spieler
game-20260803-020905-364536397904,2026-08-03T02:09:05,364536397904,Spieler,1,20,20,1,0,0,0,2,0,0,0,0,0,0,0,0.00,0.00,0,0,0,0,0,0,0,0,0,0,0,0,0,0,0,0,0,0,0,0,1,0,0,0,1,1.00,1,2,0,0,0,0,0,0,0.00,Gegner
game-20260803-021038-993589108991,2026-08-03T02:10:38,993589108991,Spieler,1,20,20,4,0,0,0,0,0,0,0,2,0,0,0,0.00,0.00,0,0,2,0,0,0,0,0,0,0,0,0,0,0,0,0,0,0,0,0,0,0,1,0,1,1.00,1,2,0,0,0,0,0,0,0.00,Spieler
game-20260803-021046-195838724147,2026-08-03T02:10:46,195838724147,Spieler,1,20,19,0,0,0,0,3,0,1,0,0,0,0,0,0.00,0.00,0,0,0,0,0,0,0,0,0,0,0,0,0,0,0,0,1,0,0,0,0,0,0,0,0,0.00,0,0,0,0,0,0,0,0,0.00,Spieler
game-20260803-021046-561061762857,2026-08-03T02:10:46,561061762857,Spieler,1,17,17,0,0,0,0,4,0,1,0,0,0,0,0,0.00,0.00,0,0,0,0,0,0,0,0,0,0,0,0,0,0,0,0,3,0,0,0,0,0,0,0,0,0.00,0,0,0,0,0,0,0,0,0.00,Spieler
game-20260803-021046-274318243691,2026-08-03T02:10:46,274318243691,Spieler,1,20,20,0,0,0,0,0,0,0,0,0,0,0,0,0.00,0.00,0,0,0,0,0,0,0,0,0,0,0,0,0,0,0,0,0,0,0,0,0,0,0,0,0,0.00,0,0,0,0,0,0,0,0,0.00,Spieler
game-20260803-021046-73079125537,2026-08-03T02:10:46,73079125537,Spieler,1,19,19,0,0,0,0,3,0,2,0,0,0,0,0,0.00,0.00,0,0,0,0,0,0,0,0,0,0,0,0,0,0,0,0,1,0,0,0,1,0,0,0,1,1.00,1,2,0,0,0,0,0,0,0.00,Spieler
game-20260803-021046-942187841786,2026-08-03T02:10:46,942187841786,Spieler,1,20,20,0,0,0,0,0,0,0,0,0,0,0,0,0.00,0.00,0,0,0,0,0,0,0,0,0,0,0,0,0,0,0,0,0,0,0,0,0,0,0,0,0,0.00,0,0,0,0,0,0,0,0,0.00,Spieler
game-20260803-021046-340139410912,2026-08-03T02:10:46,340139410912,Spieler,1,20,20,0,0,0,0,2,0,0,0,0,0,0,0,0.00,0.00,0,0,0,0,0,0,0,0,0,0,0,0,0,0,0,0,0,0,0,0,1,0,0,0,1,1.00,1,2,2,0,0,0,0,0,0.00,Spieler
game-20260803-021046-450163249147,2026-08-03T02:10:46,450163249147,Spieler,1,20,20,4,0,0,0,0,0,0,0,2,0,0,0,0.00,0.00,0,0,2,0,0,0,0,0,0,0,0,0,0,0,0,0,0,0,0,0,0,0,1,0,1,1.00,1,2,0,0,0,0,0,0,0.00,Spieler
game-20260803-021046-717983001182,2026-08-03T02:10:46,717983001182,Spieler,1,20,20,4,0,0,0,0,0,0,0,2,0,0,0,0.00,0.00,0,0,2,0,0,0,0,0,0,0,0,0,0,0,0,0,0,0,0,0,0,0,1,0,1,1.00,1,2,0,0,0,0,0,0,0.00,Spieler
game-20260803-021046-761406380241,2026-08-03T02:10:46,761406380241,Spieler,1,20,18,0,0,0,0,2,0,0,0,0,0,0,0,0.00,0.00,0,0,0,0,1,0,1,0,0,0,0,0,0,0,0,0,2,0,0,0,1,0,0,0,1,1.00,1,2,0,0,0,0,0,0,0.00,Spieler
game-20260803-021046-91481140700,2026-08-03T02:10:46,91481140700,Spieler,1,20,20,0,0,0,0,3,0,0,0,0,0,0,0,0.00,0.00,0,0,0,0,0,0,0,0,0,0,0,0,0,0,0,0,0,0,0,0,1,0,0,0,1,1.00,1,2,0,0,0,0,0,0,0.00,Spieler
game-20260803-021046-275809966807,2026-08-03T02:10:46,275809966807,Spieler,1,20,20,0,0,0,0,3,0,0,0,0,0,0,0,0.00,0.00,0,0,0,0,0,0,0,0,0,0,0,0,0,0,0,0,0,0,0,0,1,0,0,0,1,1.00,1,2,0,0,0,0,0,0,0.00,Spieler
game-20260803-021046-635964006417,2026-08-03T02:10:46,635964006417,Spieler,1,20,16,0,0,0,0,2,0,0,0,0,0,0,0,0.00,0.00,0,0,0,0,1,0,1,0,0,0,0,0,0,0,0,0,4,0,0,0,0,0,1,0,1,1.00,1,3,0,0,0,0,0,0,0.00,Spieler
game-20260803-021046-397684928231,2026-08-03T02:10:46,397684928231,Spieler,1,18,20,2,0,0,0,2,0,0,0,0,0,0,0,0.00,0.00,0,0,0,0,0,0,0,0,0,0,0,0,0,0,0,0,0,0,0,0,1,0,0,0,1,1.00,1,2,0,0,2,0,2,0,0.00,Spieler
game-20260803-021046-202245267058,2026-08-03T02:10:46,202245267058,Spieler,1,20,20,1,0,0,0,2,0,0,0,0,0,0,0,0.00,0.00,0,0,0,0,0,0,0,0,0,0,0,0,0,0,0,0,0,0,0,0,1,0,0,0,1,1.00,1,2,0,0,0,0,0,0,0.00,Spieler
game-20260803-021514-866967919993,2026-08-03T02:15:14,866967919993,Spieler,1,20,19,0,0,0,0,3,0,1,0,0,0,0,0,0.00,0.00,0,0,0,0,0,0,0,0,0,0,0,0,0,0,0,0,1,0,0,0,0,0,0,0,0,0.00,0,0,0,0,0,0,0,0,0.00,Spieler
game-20260803-021514-475129530148,2026-08-03T02:15:14,475129530148,Spieler,1,17,17,0,0,0,0,4,0,1,0,0,0,0,0,0.00,0.00,0,0,0,0,0,0,0,0,0,0,0,0,0,0,0,0,3,0,0,0,0,0,0,0,0,0.00,0,0,0,0,0,0,0,0,0.00,Spieler
game-20260803-021514-104599492028,2026-08-03T02:15:14,104599492028,Spieler,1,20,20,0,0,0,0,0,0,0,0,0,0,0,0,0.00,0.00,0,0,0,0,0,0,0,0,0,0,0,0,0,0,0,0,0,0,0,0,0,0,0,0,0,0.00,0,0,0,0,0,0,0,0,0.00,Spieler
game-20260803-021514-99049529761,2026-08-03T02:15:14,99049529761,Spieler,1,19,19,0,0,0,0,3,0,2,0,0,0,0,0,0.00,0.00,0,0,0,0,0,0,0,0,0,0,0,0,0,0,0,0,1,0,0,0,1,0,0,0,1,1.00,1,2,0,0,0,0,0,0,0.00,Spieler
game-20260803-021514-882280312297,2026-08-03T02:15:14,882280312297,Spieler,1,20,17,0,0,0,0,2,0,0,0,0,0,0,0,0.00,0.00,0,0,0,0,0,0,0,0,0,0,0,0,1,0,0,0,0,0,0,0,1,0,0,0,1,1.00,1,2,3,0,0,0,0,0,0.00,Spieler
game-20260803-021514-804444110777,2026-08-03T02:15:14,804444110777,Spieler,1,20,20,0,0,0,0,0,0,0,0,0,0,0,0,0.00,0.00,0,0,0,0,0,0,0,0,0,0,0,0,0,0,0,0,0,0,0,0,0,0,0,0,0,0.00,0,0,0,0,0,0,0,0,0.00,Gegner
game-20260803-021514-370701267828,2026-08-03T02:15:14,370701267828,Spieler,1,20,17,0,0,0,0,4,0,0,0,0,0,0,0,0.00,0.00,0,0,0,0,0,0,0,0,0,0,0,0,0,0,0,0,0,0,0,0,1,0,0,0,1,1.00,1,2,3,0,0,0,0,0,0.00,Spieler
game-20260803-021514-276359497203,2026-08-03T02:15:14,276359497203,Spieler,1,20,20,4,0,0,0,0,0,0,0,2,0,0,0,0.00,0.00,0,0,2,0,0,0,0,0,0,0,0,0,0,0,0,0,0,0,0,0,0,0,1,0,1,1.00,1,2,0,0,0,0,0,0,0.00,Gegner
game-20260803-021514-762116534713,2026-08-03T02:15:14,762116534713,Spieler,1,20,20,0,0,0,0,1,0,0,0,0,0,0,0,0.00,0.00,0,0,0,0,0,0,0,0,0,0,0,0,0,0,0,0,0,0,0,0,1,0,0,0,1,1.00,1,2,0,0,0,0,0,0,0.00,Spieler
game-20260803-021514-835019249458,2026-08-03T02:15:14,835019249458,Spieler,2,20,18,0,0,0,0,2,0,0,0,0,0,0,0,0.00,0.00,0,0,0,0,1,0,1,0,0,0,0,0,0,0,0,0,2,0,0,0,1,0,0,0,1,1.00,1,2,0,0,0,0,0,0,0.00,Gegner
game-20260803-021514-928421440120,2026-08-03T02:15:14,928421440120,Spieler,1,18,20,2,0,0,0,2,0,0,0,0,0,0,0,0.00,0.00,0,0,0,0,0,0,0,0,0,0,0,0,0,0,0,0,0,0,0,0,1,0,0,0,1,1.00,1,2,0,0,2,0,2,0,0.00,Spieler
game-20260803-021514-145794249407,2026-08-03T02:15:14,145794249407,Spieler,1,20,20,2,0,0,0,2,0,0,0,0,0,0,0,0.00,0.00,0,0,0,0,0,0,0,0,0,0,0,0,0,0,0,0,0,0,0,0,1,0,0,0,1,1.00,1,2,0,0,0,0,0,0,0.00,Spieler
game-20260803-021514-93762066185,2026-08-03T02:15:14,93762066185,Spieler,1,20,20,1,0,0,0,2,0,0,0,0,0,0,0,0.00,0.00,0,0,0,0,0,0,0,0,0,0,0,0,0,0,0,0,0,0,0,0,1,0,0,0,1,1.00,1,2,0,0,0,0,0,0,0.00,Gegner
game-20260803-021721-567651724191,2026-08-03T02:17:21,567651724191,Spieler,1,20,19,0,0,0,0,3,0,1,0,0,0,0,0,0.00,0.00,0,0,0,0,0,0,0,0,0,0,0,0,0,0,0,0,1,0,0,0,0,0,0,0,0,0.00,0,0,0,0,0,0,0,0,0.00,Spieler
game-20260803-021721-119808307801,2026-08-03T02:17:21,119808307801,Spieler,1,17,17,0,0,0,0,4,0,1,0,0,0,0,0,0.00,0.00,0,0,0,0,0,0,0,0,0,0,0,0,0,0,0,0,3,0,0,0,0,0,0,0,0,0.00,0,0,0,0,0,0,0,0,0.00,Spieler
game-20260803-021721-950861892830,2026-08-03T02:17:21,950861892830,Spieler,1,18,20,0,0,0,0,1,0,1,0,0,0,0,0,0.00,0.00,0,0,0,0,0,0,0,0,0,0,0,0,0,0,0,0,0,0,0,0,0,0,0,0,0,0.00,0,0,0,0,0,0,0,0,0.00,Spieler
game-20260803-021721-673838991591,2026-08-03T02:17:21,673838991591,Spieler,1,20,20,0,0,0,0,0,0,0,0,0,0,0,0,0.00,0.00,0,0,0,0,0,0,0,0,0,0,0,0,0,0,0,0,0,0,0,0,0,0,0,0,0,0.00,0,0,0,0,0,0,0,0,0.00,Spieler
game-20260803-021721-410558444974,2026-08-03T02:17:21,410558444974,Spieler,1,19,19,0,0,0,0,3,0,2,0,0,0,0,0,0.00,0.00,0,0,0,0,0,0,0,0,0,0,0,0,0,0,0,0,1,0,0,0,1,0,0,0,1,1.00,1,2,0,0,0,0,0,0,0.00,Spieler
game-20260803-021721-613487369946,2026-08-03T02:17:21,613487369946,Spieler,1,20,20,0,0,0,0,0,0,0,0,0,0,0,0,0.00,0.00,0,0,0,0,0,0,0,0,0,0,0,0,0,0,0,0,0,0,0,0,0,0,0,0,0,0.00,0,0,0,0,0,0,0,0,0.00,Spieler
game-20260803-021721-142581189324,2026-08-03T02:17:21,142581189324,Spieler,1,20,17,0,0,0,0,4,0,0,0,0,0,0,0,0.00,0.00,0,0,0,0,0,0,0,0,0,0,0,0,0,0,0,0,0,0,0,0,1,0,0,0,1,1.00,1,2,3,0,0,0,0,0,0.00,Spieler
game-20260803-021721-693062829187,2026-08-03T02:17:21,693062829187,Spieler,1,20,20,4,0,0,0,0,0,0,0,2,0,0,0,0.00,0.00,0,0,2,0,0,0,0,0,0,0,0,0,0,0,0,0,0,0,0,0,0,0,1,0,1,1.00,1,2,0,0,0,0,0,0,0.00,Spieler
game-20260803-021721-869102847948,2026-08-03T02:17:21,869102847948,Spieler,1,20,20,4,0,0,0,0,0,0,0,2,0,0,0,0.00,0.00,0,0,1,0,0,0,0,0,0,0,0,0,0,0,0,0,0,0,0,0,0,0,1,0,1,1.00,1,2,0,0,0,0,0,0,0.00,Spieler
game-20260803-021721-380835616632,2026-08-03T02:17:21,380835616632,Spieler,2,20,18,0,0,0,0,2,0,0,0,0,0,0,0,0.00,0.00,0,0,0,0,1,0,1,0,0,0,0,0,0,0,0,0,2,0,0,0,1,0,0,0,1,1.00,1,2,0,0,0,0,0,0,0.00,Gegner
game-20260803-021721-490037028,2026-08-03T02:17:21,490037028,Spieler,1,20,20,0,0,0,0,3,0,0,0,0,0,0,0,0.00,0.00,0,0,0,0,0,0,0,0,0,0,0,0,0,0,0,0,0,0,0,0,1,0,0,0,1,1.00,1,2,0,0,0,0,0,0,0.00,Spieler
game-20260803-021721-943110356817,2026-08-03T02:17:21,943110356817,Spieler,1,20,20,1,0,0,0,2,0,0,0,0,0,0,0,0.00,0.00,0,0,0,0,0,0,0,0,0,0,0,0,0,0,0,0,0,0,0,0,1,0,0,0,1,1.00,1,2,0,0,0,0,0,0,0.00,Spieler
game-20260803-021959-133301210499,2026-08-03T02:19:59,133301210499,Spieler,1,17,17,0,0,0,0,4,0,1,0,0,0,0,0,0.00,0.00,0,0,0,0,0,0,0,0,0,0,0,0,0,0,0,0,3,0,0,0,0,0,0,0,0,0.00,0,0,0,0,0,0,0,0,0.00,Spieler
game-20260803-021959-786904910427,2026-08-03T02:19:59,786904910427,Spieler,1,19,19,0,0,0,0,3,0,2,0,0,0,0,0,0.00,0.00,0,0,0,0,0,0,0,0,0,0,0,0,0,0,0,0,1,0,0,0,1,0,0,0,1,1.00,1,2,0,0,0,0,0,0,0.00,Spieler
game-20260803-021959-843152707736,2026-08-03T02:19:59,843152707736,Spieler,1,20,17,0,0,0,0,2,0,0,0,0,0,0,0,0.00,0.00,0,0,0,0,0,0,0,0,0,0,0,0,1,0,0,0,0,0,0,0,1,0,0,0,1,1.00,1,2,3,0,0,0,0,0,0.00,Spieler
game-20260803-021959-212763791867,2026-08-03T02:19:59,212763791867,Spieler,1,20,20,0,0,0,0,0,0,0,0,0,0,0,0,0.00,0.00,0,0,0,0,0,0,0,0,0,0,0,0,0,0,0,0,0,0,0,0,0,0,0,0,0,0.00,0,0,0,0,0,0,0,0,0.00,Spieler
game-20260803-021959-350305779922,2026-08-03T02:19:59,350305779922,Spieler,1,20,17,0,0,0,0,4,0,0,0,0,0,0,0,0.00,0.00,0,0,0,0,0,0,0,0,0,0,0,0,0,0,0,0,0,0,0,0,1,0,0,0,1,1.00,1,2,3,0,0,0,0,0,0.00,Spieler
game-20260803-021959-306588599479,2026-08-03T02:19:59,306588599479,Spieler,1,20,20,4,0,0,0,0,0,0,0,2,0,0,0,0.00,0.00,0,0,2,0,0,0,0,0,0,0,0,0,0,0,0,0,0,0,0,0,0,0,1,0,1,1.00,1,2,0,0,0,0,0,0,0.00,Spieler
game-20260803-021959-57739122258,2026-08-03T02:19:59,57739122258,Spieler,1,20,18,0,0,0,0,2,0,0,0,0,0,0,0,0.00,0.00,0,0,0,0,1,0,1,0,0,0,0,0,0,0,0,0,2,0,0,0,1,0,0,0,1,1.00,1,2,0,0,0,0,0,0,0.00,Spieler
game-20260803-021959-547617369164,2026-08-03T02:19:59,547617369164,Spieler,1,20,20,0,0,0,0,3,0,0,0,0,0,0,0,0.00,0.00,0,0,0,0,0,0,0,0,0,0,0,0,0,0,0,0,0,0,0,0,1,0,0,0,1,1.00,1,2,0,0,0,0,0,0,0.00,Spieler
game-20260803-021959-138326569927,2026-08-03T02:19:59,138326569927,Spieler,1,20,16,0,0,0,0,2,0,0,0,0,0,0,0,0.00,0.00,0,0,0,0,1,0,1,0,0,0,0,0,0,0,0,0,4,0,0,0,0,0,1,0,1,1.00,1,3,0,0,0,0,0,0,0.00,Spieler
game-20260803-021959-695472207362,2026-08-03T02:19:59,695472207362,Spieler,1,18,20,2,0,0,0,2,0,0,0,0,0,0,0,0.00,0.00,0,0,0,0,0,0,0,0,0,0,0,0,0,0,0,0,0,0,0,0,1,0,0,0,1,1.00,1,2,0,0,2,0,2,0,0.00,Spieler
game-20260803-021959-494638385994,2026-08-03T02:19:59,494638385994,Spieler,1,20,20,2,0,0,0,2,0,0,0,0,0,0,0,0.00,0.00,0,0,0,0,0,0,0,0,0,0,0,0,0,0,0,0,0,0,0,0,1,0,0,0,1,1.00,1,2,0,0,0,0,0,0,0.00,Spieler
game-20260803-021959-533836715813,2026-08-03T02:19:59,533836715813,Spieler,1,20,20,1,0,0,0,2,0,0,0,0,0,0,0,0.00,0.00,0,0,0,0,0,0,0,0,0,0,0,0,0,0,0,0,0,0,0,0,1,0,0,0,1,1.00,1,2,0,0,0,0,0,0,0.00,Gegner
game-20260803-022201-654890509223,2026-08-03T02:22:01,654890509223,Spieler,1,19,19,0,0,0,0,3,0,2,0,0,0,0,0,0.00,0.00,0,0,0,0,0,0,0,0,0,0,0,0,0,0,0,0,1,0,0,0,1,0,0,0,1,1.00,1,2,0,0,0,0,0,0,0.00,Spieler
game-20260803-022201-590481833476,2026-08-03T02:22:01,590481833476,Spieler,1,20,17,0,0,0,0,2,0,0,0,0,0,0,0,0.00,0.00,0,0,0,0,0,0,0,0,0,0,0,0,1,0,0,0,0,0,0,0,1,0,0,0,1,1.00,1,2,3,0,0,0,0,0,0.00,Spieler
game-20260803-022201-627712892626,2026-08-03T02:22:01,627712892626,Spieler,1,20,20,0,0,0,0,0,0,0,0,0,0,0,0,0.00,0.00,0,0,0,0,0,0,0,0,0,0,0,0,0,0,0,0,0,0,0,0,0,0,0,0,0,0.00,0,0,0,0,0,0,0,0,0.00,Spieler
game-20260803-022201-186645833338,2026-08-03T02:22:01,186645833338,Spieler,1,20,17,0,0,0,0,4,0,0,0,0,0,0,0,0.00,0.00,0,0,0,0,0,0,0,0,0,0,0,0,0,0,0,0,0,0,0,0,1,0,0,0,1,1.00,1,2,3,0,0,0,0,0,0.00,Spieler
game-20260803-022201-599429259595,2026-08-03T02:22:01,599429259595,Spieler,1,20,20,4,0,0,0,0,0,0,0,2,0,0,0,0.00,0.00,0,0,2,0,0,0,0,0,0,0,0,0,0,0,0,0,0,0,0,0,0,0,1,0,1,1.00,1,2,0,0,0,0,0,0,0.00,Gegner
game-20260803-022201-698349266244,2026-08-03T02:22:01,698349266244,Spieler,1,20,18,0,0,0,0,2,0,0,0,0,0,0,0,0.00,0.00,0,0,0,0,1,0,1,0,0,0,0,0,0,0,0,0,2,0,0,0,1,0,0,0,1,1.00,1,2,0,0,0,0,0,0,0.00,Spieler
game-20260803-022201-396635379298,2026-08-03T02:22:01,396635379298,Spieler,1,20,20,0,0,0,0,3,0,0,0,0,0,0,0,0.00,0.00,0,0,0,0,0,0,0,0,0,0,0,0,0,0,0,0,0,0,0,0,1,0,0,0,1,1.00,1,2,0,0,0,0,0,0,0.00,Spieler
game-20260803-022201-958647392944,2026-08-03T02:22:01,958647392944,Spieler,1,20,12,0,0,0,0,4,0,0,0,0,0,0,0,0.00,0.00,0,0,0,0,1,0,1,0,0,0,0,0,0,0,0,0,8,0,0,0,0,0,2,0,1,2.00,2,4,0,0,0,0,0,0,0.00,Spieler
game-20260803-022201-761332776502,2026-08-03T02:22:01,761332776502,Spieler,1,20,16,0,0,0,0,2,0,0,0,0,0,0,0,0.00,0.00,0,0,0,0,1,0,1,0,0,0,0,0,0,0,0,0,4,0,0,0,0,0,1,0,1,1.00,1,3,0,0,0,0,0,0,0.00,Spieler
game-20260803-022201-111401633706,2026-08-03T02:22:01,111401633706,Spieler,1,20,20,1,0,0,0,2,0,0,0,0,0,0,0,0.00,0.00,0,0,0,0,0,0,0,0,0,0,0,0,0,0,0,0,0,0,0,0,1,0,0,0,1,1.00,1,2,0,0,0,0,0,0,0.00,Spieler
game-20260803-022542-223152161376,2026-08-03T02:25:42,223152161376,Spieler,1,17,17,0,0,0,0,4,0,1,0,0,0,0,0,0.00,0.00,0,0,0,0,0,0,0,0,0,0,0,0,0,0,0,0,3,0,0,0,0,0,0,0,0,0.00,0,0,0,0,0,0,0,0,0.00,Spieler
game-20260803-022542-634220450062,2026-08-03T02:25:42,634220450062,Spieler,1,20,20,0,0,0,0,0,0,0,0,0,0,0,0,0.00,0.00,0,0,0,0,0,0,0,0,0,0,0,0,0,0,0,0,0,0,0,0,0,0,0,0,0,0.00,0,0,0,0,0,0,0,0,0.00,Spieler
game-20260803-022542-6575849056,2026-08-03T02:25:42,6575849056,Spieler,1,20,17,0,0,0,0,4,0,0,0,0,0,0,0,0.00,0.00,0,0,0,0,0,0,0,0,0,0,0,0,0,0,0,0,0,0,0,0,1,0,0,0,1,1.00,1,2,3,0,0,0,0,0,0.00,Spieler
game-20260803-022542-812909950516,2026-08-03T02:25:42,812909950516,Spieler,1,20,20,4,0,0,0,0,0,0,0,2,0,0,0,0.00,0.00,0,0,2,0,0,0,0,0,0,0,0,0,0,0,0,0,0,0,0,0,0,0,1,0,1,1.00,1,2,0,0,0,0,0,0,0.00,Spieler
game-20260803-022542-667790928456,2026-08-03T02:25:42,667790928456,Spieler,1,20,20,4,0,0,0,0,0,0,0,2,0,0,0,0.00,0.00,0,0,2,0,0,0,0,0,0,0,0,0,0,0,0,0,0,0,0,0,0,0,1,0,1,1.00,1,2,0,0,0,0,0,0,0.00,Spieler
game-20260803-022542-47987380240,2026-08-03T02:25:42,47987380240,Spieler,1,20,18,0,0,0,0,2,0,0,0,0,0,0,0,0.00,0.00,0,0,0,0,1,0,1,0,0,0,0,0,0,0,0,0,2,0,0,0,1,0,0,0,1,1.00,1,2,0,0,0,0,0,0,0.00,Spieler
game-20260803-022542-487458391269,2026-08-03T02:25:42,487458391269,Spieler,1,20,20,0,0,0,0,3,0,0,0,0,0,0,0,0.00,0.00,0,0,0,0,0,0,0,0,0,0,0,0,0,0,0,0,0,0,0,0,1,0,0,0,1,1.00,1,2,0,0,0,0,0,0,0.00,Spieler
game-20260803-022542-976738579304,2026-08-03T02:25:42,976738579304,Spieler,1,20,12,0,0,0,0,4,0,0,0,0,0,0,0,0.00,0.00,0,0,0,0,1,0,1,0,0,0,0,0,0,0,0,0,8,0,0,0,0,0,2,0,1,2.00,2,4,0,0,0,0,0,0,0.00,Spieler
game-20260803-022542-230083617826,2026-08-03T02:25:42,230083617826,Spieler,1,20,16,0,0,0,0,2,0,0,0,0,0,0,0,0.00,0.00,0,0,0,0,1,0,1,0,0,0,0,0,0,0,0,0,4,0,0,0,0,0,1,0,1,1.00,1,3,0,0,0,0,0,0,0.00,Spieler
game-20260803-022542-591960384359,2026-08-03T02:25:42,591960384359,Spieler,1,20,20,2,0,0,0,2,0,0,0,0,0,0,0,0.00,0.00,0,0,0,0,0,0,0,0,0,0,0,0,0,0,0,0,0,0,0,0,1,0,0,0,1,1.00,1,2,0,0,0,0,0,0,0.00,Spieler
game-20260803-022542-287363531474,2026-08-03T02:25:42,287363531474,Spieler,1,20,20,1,0,0,0,2,0,0,0,0,0,0,0,0.00,0.00,0,0,0,0,0,0,0,0,0,0,0,0,0,0,0,0,0,0,0,0,1,0,0,0,1,1.00,1,2,0,0,0,0,0,0,0.00,Gegner
game-20260803-022938-450532633172,2026-08-03T02:29:38,450532633172,Spieler,1,17,17,0,0,0,0,4,0,1,0,0,0,0,0,0.00,0.00,0,0,0,0,0,0,0,0,0,0,0,0,0,0,0,0,3,0,0,0,0,0,0,0,0,0.00,0,0,0,0,0,0,0,0,0.00,Spieler
game-20260803-022938-451338492413,2026-08-03T02:29:38,451338492413,Spieler,1,18,20,0,0,0,0,1,0,1,0,0,0,0,0,0.00,0.00,0,0,0,0,0,0,0,0,0,0,0,0,0,0,0,0,0,0,0,0,0,0,0,0,0,0.00,0,0,0,0,0,0,0,0,0.00,Spieler
game-20260803-022938-606169671199,2026-08-03T02:29:38,606169671199,Spieler,1,20,20,0,0,0,0,0,0,0,0,0,0,0,0,0.00,0.00,0,0,0,0,0,0,0,0,0,0,0,0,0,0,0,0,0,0,0,0,0,0,0,0,0,0.00,0,0,0,0,0,0,0,0,0.00,Spieler
game-20260803-022938-291144592603,2026-08-03T02:29:38,291144592603,Spieler,1,19,19,0,0,0,0,3,0,2,0,0,0,0,0,0.00,0.00,0,0,0,0,0,0,0,0,0,0,0,0,0,0,0,0,1,0,0,0,1,0,0,0,1,1.00,1,2,0,0,0,0,0,0,0.00,Spieler
game-20260803-022938-990878929302,2026-08-03T02:29:38,990878929302,Spieler,1,20,20,0,0,0,0,0,0,0,0,0,0,0,0,0.00,0.00,0,0,0,0,0,0,0,0,0,0,0,0,0,0,0,0,0,0,0,0,0,0,0,0,0,0.00,0,0,0,0,0,0,0,0,0.00,Gegner
game-20260803-022938-925543219241,2026-08-03T02:29:38,925543219241,Spieler,1,20,17,0,0,0,0,4,0,0,0,0,0,0,0,0.00,0.00,0,0,0,0,0,0,0,0,0,0,0,0,0,0,0,0,0,0,0,0,1,0,0,0,1,1.00,1,2,3,0,0,0,0,0,0.00,Spieler
game-20260803-022938-25612107517,2026-08-03T02:29:38,25612107517,Spieler,1,20,20,0,0,0,0,2,0,0,0,0,0,0,0,0.00,0.00,0,0,0,0,0,0,0,0,0,0,0,0,0,0,0,0,0,0,0,0,1,0,0,0,1,1.00,1,2,2,0,0,0,0,0,0.00,Spieler
game-20260803-022938-635779048853,2026-08-03T02:29:38,635779048853,Spieler,1,20,20,4,0,0,0,0,0,0,0,2,0,0,0,0.00,0.00,0,0,2,0,0,0,0,0,0,0,0,0,0,0,0,0,0,0,0,0,0,0,1,0,1,1.00,1,2,0,0,0,0,0,0,0.00,Spieler
game-20260803-022938-346027098659,2026-08-03T02:29:38,346027098659,Spieler,1,20,20,0,0,0,0,1,0,0,0,0,0,0,0,0.00,0.00,0,0,0,0,0,0,0,0,0,0,0,0,0,0,0,0,0,0,0,0,1,0,0,0,1,1.00,1,2,0,0,0,0,0,0,0.00,Spieler
game-20260803-022938-593759181502,2026-08-03T02:29:38,593759181502,Spieler,1,20,18,0,0,0,0,2,0,0,0,0,0,0,0,0.00,0.00,0,0,0,0,1,0,1,0,0,0,0,0,0,0,0,0,2,0,0,0,1,0,0,0,1,1.00,1,2,0,0,0,0,0,0,0.00,Spieler
game-20260803-022938-22171938777,2026-08-03T02:29:38,22171938777,Spieler,1,20,20,0,0,0,0,3,0,0,0,0,0,0,0,0.00,0.00,0,0,0,0,0,0,0,0,0,0,0,0,0,0,0,0,0,0,0,0,1,0,0,0,1,1.00,1,2,0,0,0,0,0,0,0.00,Spieler
game-20260803-022938-779185162256,2026-08-03T02:29:38,779185162256,Spieler,1,20,12,0,0,0,0,4,0,0,0,0,0,0,0,0.00,0.00,0,0,0,0,1,0,1,0,0,0,0,0,0,0,0,0,8,0,0,0,0,0,2,0,1,2.00,2,4,0,0,0,0,0,0,0.00,Spieler
game-20260803-022938-101849651868,2026-08-03T02:29:38,101849651868,Spieler,1,20,20,1,0,0,0,2,0,0,0,0,0,0,0,0.00,0.00,0,0,0,0,0,0,0,0,0,0,0,0,0,0,0,0,0,0,0,0,1,0,0,0,1,1.00,1,2,0,0,0,0,0,0,0.00,Spieler
game-20260803-023756-380897750856,2026-08-03T02:37:56,380897750856,Spieler,1,20,19,0,0,0,0,3,0,1,0,0,0,0,0,0.00,0.00,0,0,0,0,0,0,0,0,0,0,0,0,0,0,0,0,1,0,0,0,0,0,0,0,0,0.00,0,0,0,0,0,0,0,0,0.00,Spieler
game-20260803-023756-817283169840,2026-08-03T02:37:56,817283169840,Spieler,1,17,17,0,0,0,0,4,0,1,0,0,0,0,0,0.00,0.00,0,0,0,0,0,0,0,0,0,0,0,0,0,0,0,0,3,0,0,0,0,0,0,0,0,0.00,0,0,0,0,0,0,0,0,0.00,Spieler
game-20260803-023756-130787980707,2026-08-03T02:37:56,130787980707,Spieler,1,20,20,0,0,0,0,0,0,0,0,0,0,0,0,0.00,0.00,0,0,0,0,0,0,0,0,0,0,0,0,0,0,0,0,0,0,0,0,0,0,0,0,0,0.00,0,0,0,0,0,0,0,0,0.00,Spieler
game-20260803-023756-228324564081,2026-08-03T02:37:56,228324564081,Spieler,1,20,17,0,0,0,0,2,0,0,0,0,0,0,0,0.00,0.00,0,0,0,0,0,0,0,0,0,0,0,0,1,0,0,0,0,0,0,0,1,0,0,0,1,1.00,1,2,3,0,0,0,0,0,0.00,Spieler
game-20260803-023756-960538063221,2026-08-03T02:37:56,960538063221,Spieler,1,20,20,0,0,0,0,0,0,0,0,0,0,0,0,0.00,0.00,0,0,0,0,0,0,0,0,0,0,0,0,0,0,0,0,0,0,0,0,0,0,0,0,0,0.00,0,0,0,0,0,0,0,0,0.00,Gegner
game-20260803-023756-821522355286,2026-08-03T02:37:56,821522355286,Spieler,1,20,17,0,0,0,0,4,0,0,0,0,0,0,0,0.00,0.00,0,0,0,0,0,0,0,0,0,0,0,0,0,0,0,0,0,0,0,0,1,0,0,0,1,1.00,1,2,3,0,0,0,0,0,0.00,Spieler
game-20260803-023756-820009754174,2026-08-03T02:37:56,820009754174,Spieler,1,20,20,4,0,0,0,0,0,0,0,2,0,0,0,0.00,0.00,0,0,2,0,0,0,0,0,0,0,0,0,0,0,0,0,0,0,0,0,0,0,1,0,1,1.00,1,2,0,0,0,0,0,0,0.00,Spieler
game-20260803-023756-839736320542,2026-08-03T02:37:56,839736320542,Spieler,1,20,20,0,0,0,0,1,0,0,0,0,0,0,0,0.00,0.00,0,0,0,0,0,0,0,0,0,0,0,0,0,0,0,0,0,0,0,0,1,0,0,0,1,1.00,1,2,0,0,0,0,0,0,0.00,Spieler
game-20260803-023756-931354699940,2026-08-03T02:37:56,931354699940,Spieler,2,20,18,0,0,0,0,2,0,0,0,0,0,0,0,0.00,0.00,0,0,0,0,1,0,1,0,0,0,0,0,0,0,0,0,2,0,0,0,1,0,0,0,1,1.00,1,2,0,0,0,0,0,0,0.00,Gegner
game-20260803-023756-360425354122,2026-08-03T02:37:56,360425354122,Spieler,1,20,20,0,0,0,0,3,0,0,0,0,0,0,0,0.00,0.00,0,0,0,0,0,0,0,0,0,0,0,0,0,0,0,0,0,0,0,0,1,0,0,0,1,1.00,1,2,0,0,0,0,0,0,0.00,Spieler
game-20260803-023756-162767416988,2026-08-03T02:37:56,162767416988,Spieler,1,20,20,0,0,0,0,3,0,0,0,0,0,0,0,0.00,0.00,0,0,0,0,0,0,0,0,0,0,0,0,0,0,0,0,0,0,0,0,1,0,0,0,1,1.00,1,2,0,0,0,0,0,0,0.00,Spieler
game-20260803-023756-538844741379,2026-08-03T02:37:56,538844741379,Spieler,1,20,16,0,0,0,0,2,0,0,0,0,0,0,0,0.00,0.00,0,0,0,0,1,0,1,0,0,0,0,0,0,0,0,0,4,0,0,0,0,0,1,0,1,1.00,1,3,0,0,0,0,0,0,0.00,Spieler
game-20260803-023756-380584090364,2026-08-03T02:37:56,380584090364,Spieler,1,20,20,1,0,0,0,2,0,0,0,0,0,0,0,0.00,0.00,0,0,0,0,0,0,0,0,0,0,0,0,0,0,0,0,0,0,0,0,1,0,0,0,1,1.00,1,2,0,0,0,0,0,0,0.00,Spieler
game-20260803-024013-851041273723,2026-08-03T02:40:13,851041273723,Spieler,1,20,19,0,0,0,0,3,0,1,0,0,0,0,0,0.00,0.00,0,0,0,0,0,0,0,0,0,0,0,0,0,0,0,0,1,0,0,0,0,0,0,0,0,0.00,0,0,0,0,0,0,0,0,0.00,Spieler
game-20260803-024013-965294972101,2026-08-03T02:40:13,965294972101,Spieler,1,18,20,0,0,0,0,1,0,1,0,0,0,0,0,0.00,0.00,0,0,0,0,0,0,0,0,0,0,0,0,0,0,0,0,0,0,0,0,0,0,0,0,0,0.00,0,0,0,0,0,0,0,0,0.00,Spieler
game-20260803-024013-991293059311,2026-08-03T02:40:13,991293059311,Spieler,1,20,20,0,0,0,0,0,0,0,0,0,0,0,0,0.00,0.00,0,0,0,0,0,0,0,0,0,0,0,0,0,0,0,0,0,0,0,0,0,0,0,0,0,0.00,0,0,0,0,0,0,0,0,0.00,Spieler
game-20260803-024013-762995205888,2026-08-03T02:40:13,762995205888,Spieler,1,20,20,0,0,0,0,0,0,0,0,0,0,0,0,0.00,0.00,0,0,0,0,0,0,0,0,0,0,0,0,0,0,0,0,0,0,0,0,0,0,0,0,0,0.00,0,0,0,0,0,0,0,0,0.00,Spieler
game-20260803-024013-905034898726,2026-08-03T02:40:13,905034898726,Spieler,1,20,17,0,0,0,0,4,0,0,0,0,0,0,0,0.00,0.00,0,0,0,0,0,0,0,0,0,0,0,0,0,0,0,0,0,0,0,0,1,0,0,0,1,1.00,1,2,3,0,0,0,0,0,0.00,Spieler
game-20260803-024013-759912451068,2026-08-03T02:40:13,759912451068,Spieler,1,20,20,0,0,0,0,2,0,0,0,0,0,0,0,0.00,0.00,0,0,0,0,0,0,0,0,0,0,0,0,0,0,0,0,0,0,0,0,1,0,0,0,1,1.00,1,2,2,0,0,0,0,0,0.00,Spieler
game-20260803-024013-710813124826,2026-08-03T02:40:13,710813124826,Spieler,1,20,20,4,0,0,0,0,0,0,0,2,0,0,0,0.00,0.00,0,0,2,0,0,0,0,0,0,0,0,0,0,0,0,0,0,0,0,0,0,0,1,0,1,1.00,1,2,0,0,0,0,0,0,0.00,Spieler
game-20260803-024013-16697796960,2026-08-03T02:40:13,16697796960,Spieler,2,20,18,0,0,0,0,2,0,0,0,0,0,0,0,0.00,0.00,0,0,0,0,1,0,1,0,0,0,0,0,0,0,0,0,2,0,0,0,1,0,0,0,1,1.00,1,2,0,0,0,0,0,0,0.00,Gegner
game-20260803-024013-963649146218,2026-08-03T02:40:13,963649146218,Spieler,1,20,20,0,0,0,0,3,0,0,0,0,0,0,0,0.00,0.00,0,0,0,0,0,0,0,0,0,0,0,0,0,0,0,0,0,0,0,0,1,0,0,0,1,1.00,1,2,0,0,0,0,0,0,0.00,Spieler
game-20260803-024013-103207773403,2026-08-03T02:40:13,103207773403,Spieler,1,20,20,0,0,0,0,3,0,0,0,0,0,0,0,0.00,0.00,0,0,0,0,0,0,0,0,0,0,0,0,0,0,0,0,0,0,0,0,1,0,0,0,1,1.00,1,2,0,0,0,0,0,0,0.00,Spieler
game-20260803-024013-302112674467,2026-08-03T02:40:13,302112674467,Spieler,1,20,20,0,0,0,0,3,0,0,0,0,0,0,0,0.00,0.00,0,0,0,0,0,0,0,0,0,0,0,0,0,0,0,0,0,0,0,0,1,0,0,0,1,1.00,1,2,0,0,0,0,0,0,0.00,Spieler
game-20260803-024013-511132786374,2026-08-03T02:40:13,511132786374,Spieler,1,20,12,0,0,0,0,4,0,0,0,0,0,0,0,0.00,0.00,0,0,0,0,1,0,1,0,0,0,0,0,0,0,0,0,8,0,0,0,0,0,2,0,1,2.00,2,4,0,0,0,0,0,0,0.00,Spieler
game-20260803-024013-835520560106,2026-08-03T02:40:13,835520560106,Spieler,1,20,16,0,0,0,0,2,0,0,0,0,0,0,0,0.00,0.00,0,0,0,0,1,0,1,0,0,0,0,0,0,0,0,0,4,0,0,0,0,0,1,0,1,1.00,1,3,0,0,0,0,0,0,0.00,Spieler
game-20260803-024013-396172489125,2026-08-03T02:40:13,396172489125,Spieler,1,18,20,2,0,0,0,2,0,0,0,0,0,0,0,0.00,0.00,0,0,0,0,0,0,0,0,0,0,0,0,0,0,0,0,0,0,0,0,1,0,0,0,1,1.00,1,2,0,0,2,0,2,0,0.00,Spieler
game-20260803-024013-336457500360,2026-08-03T02:40:13,336457500360,Spieler,1,20,20,2,0,0,0,2,0,0,0,0,0,0,0,0.00,0.00,0,0,0,0,0,0,0,0,0,0,0,0,0,0,0,0,0,0,0,0,1,0,0,0,1,1.00,1,2,0,0,0,0,0,0,0.00,Spieler
game-20260803-024013-453167105620,2026-08-03T02:40:13,453167105620,Spieler,1,20,20,1,0,0,0,2,0,0,0,0,0,0,0,0.00,0.00,0,0,0,0,0,0,0,0,0,0,0,0,0,0,0,0,0,0,0,0,1,0,0,0,1,1.00,1,2,0,0,0,0,0,0,0.00,Gegner
